
> gcse-chemistry@0.1.0 test:unit
> playwright test --config=playwright.unit.config.ts


Running 983 tests using 2 workers

(node:88666) [THREE_CJS_DEPRECATED] DeprecationWarning: `require("three")` is deprecated and will be removed.
Replace `const THREE = require("three")` with `import * as THREE from "three"`.
(Use `node --trace-deprecation ...` to show where the warning was created)
(node:88698) Warning: The 'NO_COLOR' env is ignored due to the 'FORCE_COLOR' env being set.
(Use `node --trace-warnings ...` to show where the warning was created)
(node:88697) Warning: The 'NO_COLOR' env is ignored due to the 'FORCE_COLOR' env being set.
(Use `node --trace-warnings ...` to show where the warning was created)
(node:88697) [THREE_CJS_DEPRECATED] DeprecationWarning: `require("three")` is deprecated and will be removed.
Replace `const THREE = require("three")` with `import * as THREE from "three"`.
  ✓    1 tests/acid-ionisation-asset.unit.spec.ts:11:5 › actual selected transfer retains all five atomic identities, separate species and net charge zero (27ms)
  ✓    2 tests/acid-ionisation-asset.unit.spec.ts:54:5 › real water and hydronium geometry is bent and pyramidal with corresponding retained hydrogen atoms (6ms)
  ✓    3 tests/acid-ionisation-asset.unit.spec.ts:81:5 › all five constituent spheres remain separate at inspected cardinal rotations about each substance centre (35ms)
  ✓    4 tests/acid-neutralisation-content.unit.spec.ts:4:5 › 50 unique authored demands reserve fresh checks, true delayed retrieval and six self-reviewed explanations (6ms)
  ✓    5 tests/acid-neutralisation-content.unit.spec.ts:20:5 › all12 numerical values recompute ionic balance, consumed pairs and unused reactive units (6ms)
  ✓    6 tests/acid-neutralisation-content.unit.spec.ts:43:5 › scientific representation and scope do not equate charge with pH or assume nitric acid gives metal hydrogen (4ms)
  ✓    7 tests/acid-metal-writing.unit.spec.ts:9:5 › original identities and raw drafts survive the common and Higher extension (8ms)
  ✓    8 tests/acid-metal-writing.unit.spec.ts:22:5 › six dilute-acid equations preserve atomic inventory and sulfate identity (2ms)
  ✓    9 tests/acid-metal-writing.unit.spec.ts:48:5 › tier filtering removes new Higher teaching and reserved demands without renumbering original content (17ms)
  ✓   10 tests/acid-neutralisation.unit.spec.ts:11:5 › all25 supplied records admit correct predictions and retain wrong selections as incorrect (156ms)
  ✓   11 tests/acid-neutralisation.unit.spec.ts:35:5 › pairs consume only available supplies, keep excess and do not infer exact pH or net charge (18ms)
  ✓   12 tests/acid-neutralisation.unit.spec.ts:59:5 › ordinary acid reaction families and acid-derived salt formulas stay chemically distinct (2ms)
  ✓   13 tests/acid-neutralisation.unit.spec.ts:77:5 › insoluble base need not be alkali and observation precision does not overclaim pH or gas (1ms)
  ✓   14 tests/acid-neutralisation.unit.spec.ts:91:5 › saved native boards reject coercion, invented records, missing fields and impossible reaction counts (1ms)
  ✓   15 tests/acid-strength-content.unit.spec.ts:5:5 › 49 individual tasks preserve changed reserved forms honest written work and meaningful recovery (19ms)
  ✓   16 tests/acid-strength-content.unit.spec.ts:31:5 › fourteen numeric references independently compute powers of ten conserved dilution volume and stated HCl pH (24ms)
  ✓   17 tests/acid-strength-content.unit.spec.ts:56:5 › actual source limitations and conservative aliases prevent unsupported strength, weak dilution and legacy freshness claims (1ms)
  ✓   18 tests/acid-strength-integration.unit.spec.ts:6:5 › Higher shared route retains all six legacy identities and strict saved acid histories (6ms)
  ✓   19 tests/acid-strength-integration.unit.spec.ts:30:5 › single pH and volume steps cannot jump, and changed factor records reset to their own starting pH (2ms)
  ✓   20 tests/acid-neutralisation-integration.unit.spec.ts:7:5 › one existing Foundation/shared lesson retains all original identities and canonical saved states (12ms)
  ✓   22 tests/acid-neutralisation-integration.unit.spec.ts:37:5 › native pair history admits exactly one consumption and atomic record/pair reset, never arbitrary jumps (2ms)
  ✓   23 tests/alcohols.unit.spec.ts:38:5 › all93 demands retain first-four scope, literal numeric references and honest independent drawings (38ms)
  ✓   21 tests/acid-strength.unit.spec.ts:11:5 › all31 supplied acid records have reachable predictions and individually reject incorrect claims (205ms)
  ✓   25 tests/acid-strength.unit.spec.ts:35:5 › whole-number pH factors independently agree with hydrogen-ion concentrations, including neutral and equal readings (6ms)
  ✓   26 tests/acid-strength.unit.spec.ts:50:5 › fully ionised monoprotic HCl dilution conserves amount and matches independent volume/concentration references (3ms)
  ✓   27 tests/acid-strength.unit.spec.ts:63:5 › strength/concentration comparison retains complete dilute, partial concentrated and missing ionisation evidence (1ms)
  ✓   28 tests/acid-strength.unit.spec.ts:77:5 › controlled evidence distinguishes relative ionisation, completeness, equal pH and weak dilution limitations (2ms)
  ✓   24 tests/alcohols.unit.spec.ts:96:7 › structure validates every selected schema, native history and incorrect proposals (110ms)
  ✓   29 tests/acid-strength.unit.spec.ts:102:5 › canonical saved records reject numerical coercion unsupported operations unknown properties and misleading initial pH (11ms)
  ✓   31 tests/alkanes.unit.spec.ts:25:7 › kit validates every selected schema and original-to-comparison history (55ms)
  ✓   32 tests/alkanes.unit.spec.ts:25:7 › formula validates every selected schema and original-to-comparison history (6ms)
  ✓   30 tests/alcohols.unit.spec.ts:96:7 › reaction validates every selected schema, native history and incorrect proposals (126ms)
  ✓   33 tests/alkanes.unit.spec.ts:25:7 › classify validates every selected schema and original-to-comparison history (11ms)
  ✓   34 tests/alcohols.unit.spec.ts:96:7 › combustion validates every selected schema, native history and incorrect proposals (62ms)
  ✓   35 tests/alkanes.unit.spec.ts:25:7 › equation validates every selected schema and original-to-comparison history (7ms)
  ✓   37 tests/alkanes.unit.spec.ts:25:7 › oxygen validates every selected schema and original-to-comparison history (5ms)
  ✓   38 tests/alkanes.unit.spec.ts:25:7 › evidence validates every selected schema and original-to-comparison history (5ms)
  ✓   39 tests/alkanes.unit.spec.ts:55:5 › combustion ratios preserve both product identities and accept balanced multiples (4ms)
  ✓   40 tests/alkanes.unit.spec.ts:86:5 › limited oxygen accepts different balanced carbon allocations and retains unused O2 (1ms)
  ✓   36 tests/alcohols.unit.spec.ts:96:7 › fermentation validates every selected schema, native history and incorrect proposals (39ms)
  ✓   41 tests/alkanes.unit.spec.ts:106:5 › structures distinguish rings, branches, methane and other elements (2ms)
  ✓   43 tests/alkanes.unit.spec.ts:127:5 › drawn structures are honestly self-reviewed and malformed originals remain distinguishable (3ms)
  ✓   42 tests/alcohols.unit.spec.ts:96:7 › fuel validates every selected schema, native history and incorrect proposals (33ms)
  ✓   44 tests/alkanes.unit.spec.ts:142:5 › 84 tasks reserve two cold and delayed forms and every practice task has direct recovery (28ms)
  ✓   46 tests/alkanes.unit.spec.ts:168:5 › six legacy demands remain directly exposed without making identity tasks balancing evidence (2ms)
  ✓   47 tests/alkanes.unit.spec.ts:184:5 › actual prior methane/ethane demands have direct edges without transitive propagation (4ms)
  ✓   45 tests/alcohols.unit.spec.ts:96:7 › plot validates every selected schema, native history and incorrect proposals (65ms)
  ✓   49 tests/alcohols.unit.spec.ts:125:5 › every actual OH/COOH construction has literal formulas and equivalent H slots (18ms)
  ✓   50 tests/alcohols.unit.spec.ts:160:5 › alcohol combustion includes fuel oxygen and exact positive whole coefficient multiples (29ms)
  ✓   51 tests/alcohols.unit.spec.ts:182:5 › fuel measurements normalize actual consumed mass and do not convert degrees into energy (5ms)
  ✓   52 tests/alcohols.unit.spec.ts:200:5 › plot coordinate-pair operation is local; curves/estimates never receive false examiner marks (10ms)
  ✓   53 tests/alcohols.unit.spec.ts:224:5 › independent responses retain hidden flags and invalid saved originals without fake marking (3ms)
  ✓   54 tests/alcohols.unit.spec.ts:244:5 › practice recovery and direct legacy demand links are complete without transitive expansion (103ms)
  ✓   55 tests/alcohols.unit.spec.ts:267:5 › displayed H-slot markers remain separate for all first-four carbon scaffolds (451ms)
  ✓   56 tests/alcohols.unit.spec.ts:282:5 › seven named practice groups contain all45 reviewed demands exactly once (2ms)
  ✓   57 tests/aqueous-products-content.unit.spec.ts:4:5 › 51 authored tasks separate assisted practice, changed cold forms, delayed retrieval and six self-reviewed responses (42ms)
  ✓   58 tests/aqueous-products-content.unit.spec.ts:22:5 › eleven numeric tasks independently recompute qualified gas ratios, graph readings and electrode mass differences (7ms)
  ✓   59 tests/aqueous-products-content.unit.spec.ts:44:5 › Foundation board distinctions, active electrode assumptions and practical limits are explicit (38ms)
  ✓   60 tests/aqueous-products-integration.unit.spec.ts:7:5 › new Foundation route preserves the existing Higher route, all532 original IDs and canonical save decoding (12ms)
  ✓   61 tests/aqueous-products-integration.unit.spec.ts:40:5 › gas marker moves one unit at a time and record changes atomically reset its reading (1ms)
  ✓   62 tests/aqueous-products-integration.unit.spec.ts:59:5 › inverted reading retains one-division steps and resets atomically for changed observations (1ms)
  ✓   63 tests/aqueous-products.unit.spec.ts:11:5 › all26 individually specified records reject every offered wrong product, reason and evidence claim (133ms)
  ✓   64 tests/aqueous-products.unit.spec.ts:35:5 › water competition depends on phase and the supplied metal reactivity (1ms)
  ✓   65 tests/aqueous-products.unit.spec.ts:57:5 › standard halide and non-halide predictions name neutral products without sulfate discharge (1ms)
  ✓   66 tests/aqueous-products.unit.spec.ts:70:5 › copper electrode replenishment and inert oxygen cases remain distinct at fixed volume (1ms)
  ✓   67 tests/aqueous-products.unit.spec.ts:86:5 › positive correlation, through-origin proportion and original graph readings are independent (3ms)
  ✓   68 tests/aqueous-products.unit.spec.ts:111:5 › inverted gas readings use canonical 0.2 cm³ divisions and reject malformed scale positions (3ms)
  ✓   69 tests/assessment-exposure.unit.spec.ts:8:5 › reviewed short-set theory repeats and exact sources link directly in both directions without replacing identities (895ms)
  ✓   70 tests/assessment-exposure.unit.spec.ts:32:5 › changed numerical givens stay distinct even when four forms share the same final answer (238ms)
  ✓   71 tests/assessment-exposure.unit.spec.ts:51:5 › old original seen records are understood without a storage migration or rewritten history (3ms)
  ✓   72 tests/assessment-exposure.unit.spec.ts:64:5 › short-set scope identifies actual separate-Chemistry questions (1ms)
  ✓   73 tests/assessment-working.unit.spec.ts:26:5 › calculation working and line breaks survive decoding alongside original final-answer evidence (3ms)
  ✓   74 tests/assessment-working.unit.spec.ts:34:5 › malformed or oversized working blocks decoding without modifying the original record (2ms)
  ✓   75 tests/atmosphere.unit.spec.ts:28:5 › individual atmosphere lesson reserves distinct forms, retains six legacy IDs and supplies exact recoveries (22ms)
  ✓   76 tests/atmosphere.unit.spec.ts:57:5 › all seven scientific proposal modes preserve immutable originals and accept only complete correct constructions (30ms)
  ✓   77 tests/atmosphere.unit.spec.ts:88:5 › history binds task source, mode and schema and rejects unanchored or multiple edits (2ms)
  ✓   78 tests/atmosphere.unit.spec.ts:132:5 › malformed, negative and outside-whole proposals survive without being falsely accepted (4ms)
  ✓   79 tests/atmosphere.unit.spec.ts:157:5 › independent arithmetic audit covers composition, units, volume, time reading and percentage-point change (19ms)
  ✓   80 tests/atmosphere.unit.spec.ts:218:5 › original reconstructions have descending uniform age scales, equal proportions and qualified captions (54ms)
  ✓   81 tests/atmosphere.unit.spec.ts:240:5 › misconceptions give specific feedback, and written explanations stay honest self-review (80ms)
  ✓   82 tests/atmosphere.unit.spec.ts:263:5 › legacy and direct rephrased exposure are shared globally while new graph data remain distinct (5ms)
  ✓   83 tests/atom-economy.unit.spec.ts:13:5 › independent coefficient-weighted mass references preserve full reactant and desired totals (3ms)
  ✓   84 tests/atom-economy.unit.spec.ts:47:5 › desired product changes numerator while whole equation scaling preserves fractions (7ms)
  ✓   85 tests/atom-economy.unit.spec.ts:67:5 › relative mass allocation is not atom counting or actual collected yield (6ms)
  ✓   86 tests/atom-economy.unit.spec.ts:90:5 › reject malformed terms, mismatched equation masses and unnamed desired products (4ms)
  ✓   87 tests/atom-economy.unit.spec.ts:110:5 › native prediction boards require complete quantities and preserve misconception choices (32ms)
  ✓   88 tests/atom-economy.unit.spec.ts:178:5 › individually authored task demands reserve changed checks, verify calculations and enforce final precision (13ms)
  ✓   89 tests/atom-economy.unit.spec.ts:240:5 › new Foundation separate route preserves all original identities and strictly decodes canonical model histories (18ms)
  ✓   90 tests/atom-economy.unit.spec.ts:276:5 › delayed reverse-equation retrieval retains prior coefficient exposure (2ms)
  ✓   91 tests/atomic-foundations.unit.spec.ts:9:5 › the foundation extension preserves the original journey positions and sealed forms (4ms)
  ✓   92 tests/atomic-foundations.unit.spec.ts:31:5 › independently identified chemical references distinguish atom counts, atom types and literal symbols (32ms)
  ✓   93 tests/atomic-foundations.unit.spec.ts:84:5 › the supplied reference agrees with the first twenty AQA element identities and proton numbers (1ms)
  ✓   94 tests/atomic-foundations.unit.spec.ts:102:5 › written explanations remain manual and direct exposure/recovery references resolve without self cycles (55ms)
  ✓   95 tests/atomic-model-writing.unit.spec.ts:13:5 › historical writing retains old form identities, saved positions and raw wrong explanations (6ms)
  ✓   96 tests/atomic-model-writing.unit.spec.ts:60:5 › helped scattering and model comparisons cannot become fresh by switching to written forms (139ms)
  ✓   97 tests/atomic-model-writing.unit.spec.ts:81:5 › constructed historical descriptions and evidence explanations never receive automatic marks (8ms)
  ✓   98 tests/atomic-models.unit.spec.ts:13:5 › historical tasks reserve independent forms and explanations cannot earn automatic marks (96ms)
  ✓   99 tests/atomic-models.unit.spec.ts:50:5 › scattering distinguishes diffuse charge, common straight paths and rare close approaches (7ms)
  ✓  100 tests/atomic-models.unit.spec.ts:92:5 › illustrative percentages are arithmetic data rather than invented historical measurements (1ms)
  ✓  101 tests/atomic-models.unit.spec.ts:100:5 › categorical operations resume without accepting impossible saved model transitions (1ms)
  ✓  102 tests/atomic-scale.unit.spec.ts:18:5 › tiny positive lengths reject zero and wrong magnitudes while accepting equivalent exact notation (2ms)
  ✓  103 tests/atomic-scale.unit.spec.ts:27:5 › supplied radii, nano conversion and enlargement preserve independent dimensional relationships (2ms)
  ✓  104 tests/atomic-scale.unit.spec.ts:47:5 › standard form requires both the coefficient and exponent, and written correction stays self-reviewed (5ms)
  ✓  105 tests/atomic-scale.unit.spec.ts:61:5 › all 34 original scale tasks have reviewed alternatives and reserved forms (33ms)
  ✓  106 tests/atomic-scale.unit.spec.ts:90:5 › conversion and enlargement histories resume but invalid exponents and unsupplied scales are rejected (12ms)
  ✓  107 tests/balancing-equations.unit.spec.ts:16:5 › independent elemental ledgers distinguish identity, all-element balance, fractions and smallest integer ratios (32ms)
  ✓  108 tests/balancing-equations.unit.spec.ts:51:5 › mode-specific predictions preserve incorrect counts and reject altered types or identities (16ms)
  ✓  109 tests/balancing-equations.unit.spec.ts:137:5 › actual methane asset changes molecule numbers while conserving every element, retaining tetrahedral and bent positions (12ms)
  ✓  110 tests/balancing-equations.unit.spec.ts:173:5 › the individually authored tasks retain coefficient constructions and self-reviewed complete equation writing (124ms)
  ✓  111 tests/balancing-masses.unit.spec.ts:23:5 › masses must become mol and fractional ratios are scaled throughout without rounding (8ms)
  ✓  112 tests/balancing-masses.unit.spec.ts:40:5 › native histories require all correct intermediate quantities and preserve mass-ratio errors (9ms)
  ✓  113 tests/balancing-masses.unit.spec.ts:87:5 › two atom-balanced copper equations predict different measured product mol ratios (6ms)
  ✓  114 tests/balancing-masses.unit.spec.ts:126:5 › 48 task references preserve constructed working and false written correctness (57ms)
  ✓  115 tests/balancing-masses.unit.spec.ts:149:5 › Higher route validates strict saved histories and repeated coefficient evidence stays exposed (18ms)
  ✓  116 tests/bio-extraction.unit.spec.ts:28:5 › one65-task Higher biological extraction lesson has five activities and16 individually supplied cases (35ms)
  ✓  117 tests/bio-extraction.unit.spec.ts:65:5 › native copper proposals retain every wrong field, unchanged original sources and one-field history (155ms)
  ✓  118 tests/bio-extraction.unit.spec.ts:93:5 › unreadable numeric work is retained while forged/foreign/multi-field saved states are rejected (7ms)
  ✓  119 tests/bio-extraction.unit.spec.ts:118:5 › 24 native numeric values independently conserve copper through grade, ash and equal-output comparison (11ms)
  ✓  120 tests/bio-extraction.unit.spec.ts:161:5 › 22 scalar references and8 independent constructions match separately audited literal answers (63ms)
  ✓  121 tests/bio-extraction.unit.spec.ts:224:5 › chemical intermediates, final reduction and manual reviews preserve the actual exam demands (24ms)
  ✓  122 tests/bio-extraction.unit.spec.ts:246:5 › actual supplied iron/copper3D geometry preserves identities, separate sulfate, phases and charge (15ms)
  ✓  123 tests/bio-extraction.unit.spec.ts:282:5 › global exposures include old primary/biological questions and repeated electron-gain theory, reserving new numbers (713ms)
  ✓  124 tests/bond-content.unit.spec.ts:20:5 › 50 authored tasks retain Higher/shared scope, prerequisites and original IDs (51ms)
  ✓  125 tests/bond-content.unit.spec.ts:40:5 › 32 numeric responses match independently recomputed counts and signed forward/inverse references (34ms)
  ✓  126 tests/bond-content.unit.spec.ts:86:5 › seven written explanations remain self-reviewed rather than marked correct (7ms)
  ✓  127 tests/bond-content.unit.spec.ts:97:5 › structural stimuli occur in practice and both distinct reserved and delayed forms (1ms)
  ✓  128 tests/bond-content.unit.spec.ts:108:5 › valid native count histories decode while impossible multi-unit steps do not (2ms)
  ✓  129 tests/bond-content.unit.spec.ts:128:5 › legacy, equivalent-quantity and repeated-reasoning exposure remains global (81ms)
  ✓  130 tests/bond-energy.unit.spec.ts:16:5 › 28 supplied scenarios use strict string boards and task-matched canonical defaults (71ms)
  ✓  131 tests/bond-energy.unit.spec.ts:37:5 › forward, reverse, scaled and larger-coefficient totals match independent numerical references (2ms)
  ✓  132 tests/bond-energy.unit.spec.ts:51:5 › structural counts include coefficients and distinct double/triple entries including zero absent bonds (76ms)
  ✓  133 tests/bond-energy.unit.spec.ts:81:5 › ledger requires both positive totals and the separately entered signed change and classification (34ms)
  ✓  134 tests/bond-energy.unit.spec.ts:107:5 › unknowns on either side reproduce the supplied signed change with correct multiplicity (6ms)
  ✓  135 tests/bond-energy.unit.spec.ts:125:5 › all cancellation proposals preserve difference only with equal existing entries (301ms)
  ✓  136 tests/bond-energy.unit.spec.ts:143:5 › all evidence scenarios require matched source-backed claim and reason (79ms)
  ✓  137 tests/bond-energy.unit.spec.ts:160:5 › numeric boards reject uncanonical, fractional, nonfinite, unknown and wrong-type entries (3ms)
  ✓  138 tests/bond-energy.unit.spec.ts:196:5 › count and cancellation histories permit exactly one one-unit move and retain wrong valid proposals (1ms)
  ✓  139 tests/bond-energy.unit.spec.ts:211:5 › supplied-example changes reset all fields atomically and remain independent of object-key order (1ms)
  ✓  140 tests/bond-energy.unit.spec.ts:224:5 › direct numeric predictions save wrong signs and reject duplicate or malformed histories (3ms)
  ✓  141 tests/bond-energy.unit.spec.ts:236:5 › plausible wrong evidence choices remain valid saved steps without becoming correct (2ms)
  ✓   48 tests/answer-keyboard.unit.spec.ts:80:5 › actual signed climate, carbon, water and recycling responses request a keyboard with minus and decimal characters (40ms)
  ✓  143 tests/answer-keyboard.unit.spec.ts:88:5 › an unsubmitted cumulative energy proposal retains its raw values without giving scientific correction (6ms)
  ✓  144 tests/answer-keyboard.unit.spec.ts:99:5 › multipart mol and mass responses retain decimals and request text without revealing the expected sign (4ms)
  ✓  145 tests/cell-voltage.unit.spec.ts:25:7 › read: all supplied cases require every independent prediction and retain valid wrong steps (96ms)
  ✓  146 tests/cell-voltage.unit.spec.ts:25:7 › lead: all supplied cases require every independent prediction and retain valid wrong steps (112ms)
  ✓  147 tests/cell-voltage.unit.spec.ts:25:7 › infer: all supplied cases require every independent prediction and retain valid wrong steps (96ms)
  ✓  148 tests/cell-voltage.unit.spec.ts:25:7 › rank: all supplied cases require every independent prediction and retain valid wrong steps (72ms)
  ✓  149 tests/cell-voltage.unit.spec.ts:25:7 › evidence: all supplied cases require every independent prediction and retain valid wrong steps (77ms)
  ✓  150 tests/cell-voltage.unit.spec.ts:59:5 › independent signed comparisons and terminal topology distinguish reversal, same plate, missing and observed zero (7ms)
  ✓  151 tests/cell-voltage.unit.spec.ts:70:5 › independent subtraction and role-oriented ordering cover every reference case (27ms)
  ✓  152 tests/cell-voltage.unit.spec.ts:93:5 › strict decimal and record resets preserve malformed or scientifically wrong distinctions (6ms)
  ✓  153 tests/cell-voltage.unit.spec.ts:122:5 › all individually authored tasks have correct marking, recovery and written self-review (34ms)
  ✓  154 tests/cell-voltage.unit.spec.ts:140:5 › numerical answers are independently recomputed from the actual given pairs and magnitudes (13ms)
  ✓  155 tests/cells-and-fuel-cells-content.unit.spec.ts:20:5 › the individual63-task Foundation/separate journey retains six original IDs and valid targeted recovery (19ms)
  ✓  156 tests/cells-and-fuel-cells-content.unit.spec.ts:37:5 › all23 numerical answers match independently supplied arithmetic references (34ms)
  ✓  157 tests/cells-and-fuel-cells-content.unit.spec.ts:71:5 › seven written explanations remain self-reviewed even when they exactly match the model answer (8ms)
  ✓  158 tests/cells-and-fuel-cells-content.unit.spec.ts:86:5 › reserved forms have distinct IDs, no learning model and no opening hint (9ms)
  ✓  159 tests/cells-and-fuel-cells-content.unit.spec.ts:116:5 › direct global exposure covers legacy, every switchable assisted demand and repeated independent series calculations (66ms)
  ✓  160 tests/cells-and-fuel-cells-content.unit.spec.ts:133:5 › saved wrong models decode, reload and atomically switch records while rejecting multiple simultaneous field edits (3ms)
(node:88698) [THREE_CJS_DEPRECATED] DeprecationWarning: `require("three")` is deprecated and will be removed.
Replace `const THREE = require("three")` with `import * as THREE from "three"`.
  ✓  161 tests/cells-and-fuel-cells.unit.spec.ts:29:7 › setup: every supplied record preserves independently required predictions and rejects unset alternatives (15ms)
  ✓  162 tests/cells-and-fuel-cells.unit.spec.ts:29:7 › series: every supplied record preserves independently required predictions and rejects unset alternatives (15ms)
  ✓  163 tests/cells-and-fuel-cells.unit.spec.ts:29:7 › restore: every supplied record preserves independently required predictions and rejects unset alternatives (6ms)
  ✓  164 tests/cells-and-fuel-cells.unit.spec.ts:29:7 › reaction: every supplied record preserves independently required predictions and rejects unset alternatives (6ms)
  ✓  165 tests/cells-and-fuel-cells.unit.spec.ts:29:7 › compare: every supplied record preserves independently required predictions and rejects unset alternatives (7ms)
  ✓  166 tests/cells-and-fuel-cells.unit.spec.ts:29:7 › evidence: every supplied record preserves independently required predictions and rejects unset alternatives (8ms)
  ✓  167 tests/cells-and-fuel-cells.unit.spec.ts:49:5 › series arithmetic uses exact supplied integer hundredths with count and reversal bounds (4ms)
  ✓  142 tests/cell-voltage-asset.unit.spec.ts:4:5 › actual immersed plates and red/COM tube endpoints preserve normal, reversed and same-plate circuits (1.5s)
  ✓  168 tests/cells-and-fuel-cells.unit.spec.ts:72:5 › overall reaction conserves separate H/O inventories at specified coefficient scales (2ms)
  ✓  170 tests/cells-and-fuel-cells.unit.spec.ts:89:5 › strict model decoding rejects missing, extra, coerced and unfinished numbers while retaining scientific errors (2ms)
  ✓  169 tests/changing-concentration.unit.spec.ts:23:5 › two independent factors divide; equal scaling and opposite changes differ (2ms)
  ✓  171 tests/cells-and-fuel-cells.unit.spec.ts:111:5 › shared dispatch and history require canonical starts, single edits and atomic record switches (11ms)
  ✓  172 tests/changing-concentration.unit.spec.ts:32:5 › dilution retains solute whereas homogeneous sampling closes both inventories (30ms)
  ✓  174 tests/changing-concentration.unit.spec.ts:55:5 › all native combinations have strict valid correct predictions and retain wrong causal selections (18ms)
  ✓  175 tests/changing-concentration.unit.spec.ts:129:5 › 46 individual authored references mark accurately, written explanations remain self-reviewed (15ms)
  ✓  176 tests/changing-concentration.unit.spec.ts:151:5 › Higher route saves strict model histories and repeated explanations never become fresh evidence (22ms)
  ✓  177 tests/changing-equilibrium.unit.spec.ts:37:7 › compression: complete scientific predictions and strict native saved histories for six records (10ms)
  ✓  178 tests/changing-equilibrium.unit.spec.ts:37:7 › pressure: complete scientific predictions and strict native saved histories for six records (6ms)
  ✓  179 tests/changing-equilibrium.unit.spec.ts:37:7 › temperature: complete scientific predictions and strict native saved histories for six records (7ms)
  ✓  180 tests/changing-equilibrium.unit.spec.ts:37:7 › concentration: complete scientific predictions and strict native saved histories for six records (6ms)
  ✓  181 tests/changing-equilibrium.unit.spec.ts:37:7 › combined: complete scientific predictions and strict native saved histories for six records (7ms)
  ✓  173 tests/cells-and-fuel-cells.unit.spec.ts:127:5 › actual macroscopic cell geometry keeps two separate immersed plates above the floor for all48 constituents (174ms)
  ✓  182 tests/changing-equilibrium.unit.spec.ts:37:7 › evidence: complete scientific predictions and strict native saved histories for six records (6ms)
  ✓  183 tests/changing-writing.unit.spec.ts:17:5 › changing concentration extends independent writing while preserving original task positions and raw records (2ms)
  ✓  184 tests/changing-equilibrium.unit.spec.ts:71:5 › canonical fields reject extra missing coerced fractional gas and malformed decimal values (4ms)
  ✓  185 tests/changing-writing.unit.spec.ts:37:5 › independent inventories and competing factors agree with literal mass-volume calculations (2ms)
  ✓  186 tests/changing-equilibrium.unit.spec.ts:103:5 › record switches are pristine atomic resets and compression cannot skip stages (2ms)
  ✓  187 tests/changing-writing.unit.spec.ts:57:5 › writing remains manual and all seven symbols separate approximation and conditional proportionality with reciprocal exposure (11ms)
  ✓  189 tests/chromatography.unit.spec.ts:49:5 › one chromatography journey has full targeted routes and distinct sealed forms (20ms)
  ✓  190 tests/chromatography.unit.spec.ts:69:5 › 43 original cases persist through the actual workbench adapters (81ms)
  ✓  191 tests/chromatography.unit.spec.ts:91:5 › setup accepts a range and checks only the requested field (2ms)
  ✓  192 tests/chromatography.unit.spec.ts:107:5 › scientific raw parser retains incomplete and disallowed formats instead of manufacturing values (1ms)
  ✓  193 tests/chromatography.unit.spec.ts:114:5 › origin and centre remain independent from ruler and answer proposals (2ms)
  ✓  194 tests/chromatography.unit.spec.ts:140:5 › each drawing is blank-start and never receives automatic examiner correctness (11ms)
  ✓  195 tests/chromatography.unit.spec.ts:156:5 › unfinished drawing retains its prior wrong placement; clearing removes it (2ms)
  ✓  196 tests/chromatography.unit.spec.ts:172:5 › reference diagrams use independent original origin-offset positions (1ms)
  ✓  197 tests/chromatography.unit.spec.ts:184:5 › legacy conclusions link directly but distinct numerical givens remain distinct (20ms)
  ✓  198 tests/chromatography.unit.spec.ts:205:5 › practical interpretation explanations are separate from original figure givens (4ms)
  ✓  188 tests/changing-equilibrium.unit.spec.ts:132:5 › all eighteen actual 3D inventories conserve atoms, stay contained and keep fixed molecular geometry (4.1s)
  ✓  200 tests/changing-equilibrium.unit.spec.ts:191:5 › concentration states conserve edited amounts and retain partial counteraction at fixed conditions (3ms)
  ✓  201 tests/changing-equilibrium.unit.spec.ts:206:5 › phase counts, reversed energy directions and opposing changes never invent a net yield (0ms)
  ✓  202 tests/changing-equilibrium.unit.spec.ts:234:5 › all sixty-seven individual tasks mark honestly with twenty audited numbers and topic-relevant recovery (33ms)
  ✓  203 tests/changing-equilibrium.unit.spec.ts:286:5 › all direct exposure families and six legacy IDs are retained without transitive spreading (141ms)
  ✓  204 tests/climate.unit.spec.ts:27:5 › one individually authored lesson: seven activities,17 fixed sources,77 tasks and specific recovery (32ms)
  ✓  205 tests/climate.unit.spec.ts:69:5 › scientific construction accepts all records; every wrong field stays wrong and source data stay fixed (66ms)
  ✓  206 tests/climate.unit.spec.ts:93:5 › record/schema/history binding rejects substituted sources and preserves malformed decimal entries (4ms)
  ✓  207 tests/climate.unit.spec.ts:136:5 › 23 scalar answers independently recomputed with signed values, consistent masses and original denominator (10ms)
  ✓  208 tests/climate.unit.spec.ts:172:5 › seven independent constructions,18 numeric fields: fraction/scientific readings and wrong values (5ms)
  ✓  209 tests/climate.unit.spec.ts:202:5 › fixed original graph, range, gas and achieved-service arithmetic agree with independent science checks (5ms)
  ✓  210 tests/climate.unit.spec.ts:250:5 › report quality distinguishes uncertainty, causation, scrutiny and funding without false balance (1ms)
  ✓  211 tests/climate.unit.spec.ts:277:5 › 16 honest written responses include four distinct effects; all choice errors have specific explanations (24ms)
  ✓  212 tests/climate.unit.spec.ts:303:5 › legacy and overlapping semantic families have reciprocal transitive exposure while new figures remain separate (26ms)
  ✓  213 tests/collision-theory.unit.spec.ts:195:7 › conditions: native cases keep incorrect predictions, honest feedback and canonical saved histories (10ms)
  ✓  214 tests/collision-theory.unit.spec.ts:195:7 › solution: native cases keep incorrect predictions, honest feedback and canonical saved histories (13ms)
  ✓  215 tests/collision-theory.unit.spec.ts:195:7 › gas: native cases keep incorrect predictions, honest feedback and canonical saved histories (11ms)
  ✓  216 tests/collision-theory.unit.spec.ts:195:7 › surface: native cases keep incorrect predictions, honest feedback and canonical saved histories (18ms)
  ✓  217 tests/collision-theory.unit.spec.ts:195:7 › comparison: native cases keep incorrect predictions, honest feedback and canonical saved histories (11ms)
  ✓  218 tests/collision-theory.unit.spec.ts:195:7 › evidence: native cases keep incorrect predictions, honest feedback and canonical saved histories (9ms)
  ✓  219 tests/collision-theory.unit.spec.ts:249:5 › saved schemas reject invalid values and multi-field teleports while record changes reset atomically (6ms)
  ✓  220 tests/collision-theory.unit.spec.ts:292:5 › collision conditions distinguish threshold, absence of contact, inert partners and a specified molecular condition (1ms)
  ✓  221 tests/collision-theory.unit.spec.ts:312:5 › accessible-face geometry conserves material and excludes joined internal interfaces (859ms)
  ✓  222 tests/collision-theory.unit.spec.ts:341:5 › irregular fixed-radius gas particles stay confined and separate in the minimum and expanded volumes (506ms)
  ✓  223 tests/collision-theory.unit.spec.ts:362:5 › all authored tasks keep exact numerical references, per-error explanations, targeted recovery and honest written marking (63ms)
  ✓  224 tests/collision-theory.unit.spec.ts:420:5 › all six original collision questions and relevant prior work directly expose matching new procedures (13ms)
  ✓  225 tests/concentration.unit.spec.ts:24:5 › mass concentration uses final solution volume and all three rearrangements with exact cubic conversions (3ms)
  ✓  226 tests/concentration.unit.spec.ts:40:5 › every supported native combination has a valid correct board while wrong identities and unit directions remain wrong (13ms)
  ✓  227 tests/concentration.unit.spec.ts:110:5 › actual cubic volume geometry preserves labelled solute identities and scales physical volume rather than side length linearly (305ms)
  ✓  228 tests/concentration.unit.spec.ts:154:5 › all forty-nine individual tasks retain correct quantities and multipart working while written explanations remain self-reviewed (18ms)
  ✓  229 tests/concentration.unit.spec.ts:180:5 › refocused original route retains legacy banks and valid saved boards while aliasing repeated unit facts (8ms)
  ✓  230 tests/copper-transfer-asset.unit.spec.ts:11:5 › true copper transfer retains twelve IDs, Cu7S1O4 and net represented charge zero per state (6ms)
  ✓  231 tests/copper-transfer-asset.unit.spec.ts:42:5 › sulfate retains tetrahedral geometry and four internal connections in each state (6ms)
  ✓  232 tests/copper-transfer-asset.unit.spec.ts:67:5 › cardinal rotations keep projected atom circles separate and every atom inside its visual frame (121ms)
  ✓  233 tests/covalent-bonding.unit.spec.ts:32:5 › all nine selected molecule targets independently match shared pairs, lone electrons and conserved inventories (17ms)
  ✓  234 tests/covalent-bonding.unit.spec.ts:72:5 › a conserved same-origin chlorine pair and incomplete single-electron overlap remain wrong (1ms)
  ✓  235 tests/covalent-bonding.unit.spec.ts:94:5 › single-electron history and total atom budgets reject jumps tampered particles and oversharing (7ms)
  ✓  236 tests/covalent-bonding.unit.spec.ts:123:5 › molecular positions retain actual tetrahedral and pyramidal depth while water is bent and carbon dioxide linear (1ms)
  ✓  237 tests/covalent-bonding.unit.spec.ts:142:5 › 49 authored tasks reserve complete drawings, retain static errors and require honest written self-review (20ms)
  ✓  238 tests/covalent-writing.unit.spec.ts:13:5 › all eight AQA electron molecules now have reserved construction while original identities and positions remain (2ms)
  ✓  239 tests/covalent-writing.unit.spec.ts:46:5 › full writing is manual while independently entered line counts conserve the selected connectivity (4ms)
  ✓  240 tests/covalent-writing.unit.spec.ts:68:5 › helped drawing equivalents and force criteria are not relabelled fresh (11ms)
  ✓  241 tests/cracking.unit.spec.ts:29:7 › rearrange selected-record schemas reject corrupt histories (13ms)
  ✓  242 tests/cracking.unit.spec.ts:29:7 › structure selected-record schemas reject corrupt histories (25ms)
  ✓  243 tests/cracking.unit.spec.ts:29:7 › balance selected-record schemas reject corrupt histories (9ms)
  ✓  244 tests/cracking.unit.spec.ts:29:7 › bromine selected-record schemas reject corrupt histories (12ms)
  ✓  245 tests/cracking.unit.spec.ts:29:7 › process selected-record schemas reject corrupt histories (12ms)
  ✓  246 tests/cracking.unit.spec.ts:47:5 › literal atom references and repeated molecular formulas conserve both elements (4ms)
  ✓  247 tests/cracking.unit.spec.ts:75:5 › exact global coefficient changes admit balanced multiples and reject arbitrary batch edits (1ms)
  ✓  248 tests/cracking.unit.spec.ts:90:5 › local valence admits reversed chains and equivalent displayed H orientation (3ms)
  ✓  249 tests/cracking.unit.spec.ts:122:5 › supplied mixtures and failed controls do not turn into unique formulas (1ms)
  ✓  250 tests/cracking.unit.spec.ts:143:5 › independent drawings retain hidden H and C=C choices without automatic marking (4ms)
  ✓  251 tests/cracking.unit.spec.ts:158:5 › all numerical answers have literal independent references and every practice has targeted recovery (16ms)
  ✓  252 tests/cracking.unit.spec.ts:205:5 › legacy and actual prior-demand links are direct, not transitive (3ms)
  ✓  253 tests/crude-oil.unit.spec.ts:82:7 › inventory: all six comparisons support real construction, honest wrong work and native history validation (11ms)
  ✓  254 tests/crude-oil.unit.spec.ts:82:7 › column: all six comparisons support real construction, honest wrong work and native history validation (11ms)
  ✓  255 tests/crude-oil.unit.spec.ts:82:7 › trace: all six comparisons support real construction, honest wrong work and native history validation (8ms)
  ✓  256 tests/crude-oil.unit.spec.ts:82:7 › trends: all six comparisons support real construction, honest wrong work and native history validation (10ms)
  ✓  257 tests/crude-oil.unit.spec.ts:82:7 › uses: all six comparisons support real construction, honest wrong work and native history validation (8ms)
  ✓  258 tests/crude-oil.unit.spec.ts:82:7 › yield: all six comparisons support real construction, honest wrong work and native history validation (8ms)
  ✓  259 tests/crude-oil.unit.spec.ts:117:5 › saved schemas reject coercion, extra fields and malformed raw numbers without turning incorrect predictions into corruption (14ms)
  ✓  260 tests/crude-oil.unit.spec.ts:146:5 › history permits adjacent swaps, explicit placement and pristine changed-record reset while rejecting unrelated simultaneous edits (1ms)
  ✓  261 tests/crude-oil.unit.spec.ts:177:5 › all27 original numerical references agree with independently calculated counts, differences, tray thresholds and mass percentages (14ms)
  ✓  262 tests/crude-oil.unit.spec.ts:216:5 › all named fractions have targeted practice and independent retrieval while all34 practice tasks have direct relevant recovery (26ms)
  ✓  263 tests/crude-oil.unit.spec.ts:247:5 › explicit one-hop families retain six legacy questions and avoid spreading a bridge into unrelated independent evidence (22ms)
  ✓  264 tests/crude-oil.unit.spec.ts:269:5 › chart drafts preserve invalid pending edits and malformed original responses without replacing explicitly placed values (4ms)
  ✓  265 tests/crude-oil.unit.spec.ts:296:5 › actual3D geometry and all42 stations preserve identity, held condensation and top-gas/residue exceptions within the frame (159ms)
  ✓  266 tests/crude-oil.unit.spec.ts:326:5 › independent source-mass references expose unequal-feed and conditional-preference misconceptions (2ms)
  ✓  267 tests/cycle.unit.spec.ts:27:5 › one90-task lesson has six modes,26 reachable cases, scoped cross-science outcomes and30 direct recoveries (35ms)
  ✓  268 tests/cycle.unit.spec.ts:61:5 › all native fields retain wrong work, fixed data and checkable one-field histories (103ms)
  ✓  269 tests/cycle.unit.spec.ts:89:5 › schema rejects foreign sources, extra/nonstring fields and multi-field history repairs; malformed numeric work remains raw (2ms)
  ✓  270 tests/cycle.unit.spec.ts:115:5 › native inventories independently match literal carbon mass references and endpoint units (3ms)
  ✓  271 tests/cycle.unit.spec.ts:153:5 › all scalar references and fresh constructed fields independently match literal audited answers (28ms)
  ✓  272 tests/cycle.unit.spec.ts:225:5 › scientific distinctions and written exemplars remain honest rather than automatic marks (36ms)
  ✓  273 tests/cycle.unit.spec.ts:253:5 › semantic aliases include old exposure and remain reciprocal/transitive; numerical transfer tasks stay reserved (1.1s)
  ✓  274 tests/diamond-writing.unit.spec.ts:13:5 › diamond corrections preserve original identities, forms and saved positions while reserving full causal writing (2ms)
  ✓  275 tests/diamond-writing.unit.spec.ts:32:5 › full diamond explanations are manual, preserve force distinctions and qualify the supplied comparisons (5ms)
  ✓  276 tests/diamond-writing.unit.spec.ts:42:5 › helped network mechanisms have direct symmetric exposure links (191ms)
  ✓  277 tests/diamond.unit.spec.ts:9:5 › diamond fragment is connected carbon with tetrahedral four-neighbour sites, not separate molecules or a six-neighbour cube (34ms)
  ✓  278 tests/diamond.unit.spec.ts:56:5 › network predictions require full causal explanations and reject malformed saved states (9ms)
  ✓  279 tests/diamond.unit.spec.ts:113:5 › all 46 reviewed demands have correct references and self-reviewed written work (21ms)
  ✓  280 tests/diamond.unit.spec.ts:130:5 › identical coordination demands share exposure across legacy, teaching, check and delayed retrieval (47ms)
  ✓  281 tests/displacement-asset.unit.spec.ts:11:5 › actual displacement asset retains eleven IDs and physically present nitrate spectators in each state (5ms)
  ✓  282 tests/displacement-asset.unit.spec.ts:47:5 › nitrate geometry is planar with three120degree directions and equal connectivity guides (7ms)
  ✓  199 tests/chromatography.unit.spec.ts:215:5 › actual macro geometry preserves source heights and out-of-scale proposals without fake liquid (10.4s)
  ✓  284 tests/chromatography.unit.spec.ts:251:5 › seven-day review is based on the latest actual submission (1ms)
  ✓  285 tests/displacement-content.unit.spec.ts:18:5 › eighteen numeric answers agree with independent shared-multiple, charge and spectator references (3ms)
  ✓  286 tests/displacement-content.unit.spec.ts:47:5 › all five native task histories decode while invented jumps retain the raw unreadable boundary (1ms)
  ✓  287 tests/displacement-content.unit.spec.ts:60:5 › repeated transfer and spectator demands cannot become fresh evidence across lessons (6ms)
  ✓  288 tests/displacement.unit.spec.ts:21:5 › 28 supplied records have canonical strict boards with no extra keys (11ms)
  ✓  289 tests/displacement.unit.spec.ts:35:5 › all five half combinations conserve every atom and signed charge after least whole scaling (4ms)
  ✓  290 tests/displacement.unit.spec.ts:63:5 › whole-half scaling changes all terms and unmatched transfer leaves electron bookkeeping (1ms)
  ✓  291 tests/displacement.unit.spec.ts:80:5 › full and net equations independently conserve atoms and charge without zero-charge requirement (4ms)
  ✓  292 tests/displacement.unit.spec.ts:106:5 › cancellation uses charge and phase identities and only matching available quantities (1ms)
  ✓  293 tests/displacement.unit.spec.ts:126:5 › atom repair accepts multiples while rejecting atoms-only balance (0ms)
  ✓  294 tests/displacement.unit.spec.ts:146:5 › representation and feasibility records reject each incorrect prediction independently (45ms)
  ✓  295 tests/displacement.unit.spec.ts:162:5 › record changes reset all dependent fields; numeric controls permit only one step (1ms)
  ✓  296 tests/displacement.unit.spec.ts:178:5 › journey keeps legacy route IDs and uses distinct deferred forms with self-reviewed explanations (11ms)
GLTFExporter: Use MeshStandardMaterial or MeshBasicMaterial for best results.
GLTFExporter: Use MeshStandardMaterial or MeshBasicMaterial for best results.
GLTFExporter: Use MeshStandardMaterial or MeshBasicMaterial for best results.
GLTFExporter: Use MeshStandardMaterial or MeshBasicMaterial for best results.
GLTFExporter: Use MeshStandardMaterial or MeshBasicMaterial for best results.
GLTFExporter: Use MeshStandardMaterial or MeshBasicMaterial for best results.
  ✓  297 tests/economy-asset.unit.spec.ts:15:5 › actual allocation exports preserve mass-weighted elements, molecular depths and desired product frames (23ms)
  ✓  298 tests/electrolysis-asset.unit.spec.ts:11:5 › actual molten reference preserves three atomic identities and charge0 per state without salt molecules (4ms)
  ✓  299 tests/electrolysis-asset.unit.spec.ts:37:5 › independent molecular rotation keeps projected atoms and the Cl2 bond separate from zinc (16ms)
  ✓  300 tests/electrolysis-content.unit.spec.ts:4:5 › 49 individually authored demands reserve changed cold forms, delayed retrieval and six written explanations (4ms)
  ✓  301 tests/electrolysis-content.unit.spec.ts:19:5 › eight numeric values independently recompute charge balance, diatomic grouping and supplied mass conservation (2ms)
  ✓  302 tests/electrolysis-content.unit.spec.ts:38:5 › Foundation scope keeps half equations separate and preserves distinct molten, aqueous and industrial assumptions (3ms)
  ✓  303 tests/electrolysis-integration.unit.spec.ts:7:5 › one old Foundation/shared route preserves all532 identities and canonical native save decoding (4ms)
  ✓  304 tests/electrolysis-integration.unit.spec.ts:37:5 › one schematic step and atomic record/position reset are allowed; jumps and stale layouts rejected (1ms)
  ✓  305 tests/electrolysis.unit.spec.ts:11:5 › all20 supplied records admit correct predictions and reject every selectable wrong result (29ms)
  ✓  306 tests/electrolysis.unit.spec.ts:35:5 › electrode polarity rather than page position defines each ion destination (1ms)
  ✓  307 tests/electrolysis.unit.spec.ts:53:5 › solid and metallic carriers remain distinct from molten or dissolved ionic conduction (0ms)
  ✓  308 tests/electrolysis.unit.spec.ts:70:5 › binary molten products are neutral elements and cryolite does not remove energy or change reactivity (1ms)
  ✓  309 tests/electrolysis.unit.spec.ts:94:5 › malformed ion positions, unknown fields and noncanonical values never enter a native state (1ms)
  ✓  310 tests/empirical-formulae-content.unit.spec.ts:5:5 › 49 deliberate tasks reserve both check forms and delayed retrieval without grading written work (1ms)
  ✓  311 tests/empirical-formulae-content.unit.spec.ts:28:5 › every numeric response agrees with independent mass, ratio and whole-subscript working (8ms)
  ✓  312 tests/empirical-formulae-content.unit.spec.ts:71:5 › formula-choice answers preserve the actual supplied element proportions, not gram percentages (9ms)
  ✓  313 tests/empirical-formulae-content.unit.spec.ts:128:5 › corrected Foundation/shared scope retains six original route questions and strict canonical histories (4ms)
  ✓  314 tests/empirical-formulae.unit.spec.ts:16:5 › mass ratios convert each element using its own atomic mass (1ms)
  ✓  315 tests/empirical-formulae.unit.spec.ts:27:5 › all parts scale together through halves and thirds, then simplify (1ms)
  ✓  316 tests/empirical-formulae.unit.spec.ts:37:5 › rounded measured composition supports near integers but not rounding 1.5 away (0ms)
  ✓  317 tests/empirical-formulae.unit.spec.ts:46:5 › molecular counts require a positive integer multiple of the entire empirical formula (1ms)
  ✓  318 tests/empirical-formulae.unit.spec.ts:60:5 › crucible mass gains belong to oxygen, with tare excluded (0ms)
  ✓  319 tests/empirical-formulae.unit.spec.ts:69:5 › every authored native record has reachable predictions and strict canonical domains (9ms)
  ✓  320 tests/empirical-formulae.unit.spec.ts:108:5 › missing elements, invalid atomic masses, impossible weighing and fractional subscripts reject (6ms)
  ✓  321 tests/energy-content.unit.spec.ts:20:5 › 49 authored tasks preserve Foundation shared scope, six legacy IDs and distinct reserved and delayed forms (23ms)
  ✓  322 tests/energy-content.unit.spec.ts:39:5 › 13 numeric answers independently match signed, magnitude and graph references; seven explanations never auto-pass (6ms)
  ✓  323 tests/energy-content.unit.spec.ts:65:5 › five supplied graph stimuli independently conserve actual time ordering and match the requested reaction-stage quantity (5ms)
  ✓  324 tests/energy-content.unit.spec.ts:89:5 › task-matched canonical histories decode while invented moves and noncanonical numeric states are rejected (2ms)
  ✓  325 tests/energy-content.unit.spec.ts:102:5 › legacy and repeated demands share exposure globally rather than become fresh independent evidence (6ms)
  ✓  326 tests/energy-cup-asset.unit.spec.ts:6:5 › real temperature display geometry preserves supplied Celsius digits including negative and decimal records (21ms)
  ✓  327 tests/energy-cup-asset.unit.spec.ts:24:5 › actual probe immersion and stirrer clearance are independently verified from transformed geometry (3ms)
  ✓  328 tests/energy-cup-asset.unit.spec.ts:39:5 › actual lid has separate through-holes and a front viewing cutaway, with solid cover elsewhere (7ms)
  ✓  329 tests/energy-cup-asset.unit.spec.ts:55:5 › real macro apparatus has finite raw vertices and depth while display changes do not change liquid geometry (12ms)
  ✓  330 tests/energy-practical-content.unit.spec.ts:20:5 › the individual Foundation/shared journey has59 tasks, valid recovery targets and six preserved original IDs (26ms)
  ✓  331 tests/energy-practical-content.unit.spec.ts:39:5 › all25 numerical answers match independent temperature, mean and graph references (13ms)
  ✓  332 tests/energy-practical-content.unit.spec.ts:83:5 › ten method, graph and explanation responses remain self-reviewed even when they match the model answer (4ms)
  ✓  333 tests/energy-practical-content.unit.spec.ts:99:5 › cold and delayed checks have distinct IDs, static graph stimuli and no learning model or premature hint (7ms)
  ✓  334 tests/energy-practical-content.unit.spec.ts:121:5 › native method drafts decode, preserve wrong choices and atomically switch scenarios with matching fields (1ms)
  ✓  335 tests/energy-practical-content.unit.spec.ts:144:5 › legacy, model-assisted and repeated fitted-line reasoning share global exposure (5ms)
  ✓  336 tests/energy-practical.unit.spec.ts:13:5 › thirty-two scenarios have strict canonical string boards and preserve task-specific initial records (18ms)
  ✓  337 tests/energy-practical.unit.spec.ts:36:5 › plans match the stated variable, response, apparatus, controls and logical measurement order (7ms)
  ✓  338 tests/energy-practical.unit.spec.ts:63:5 › trace selection uses the last pre-mixing baseline and reaction-stage extremum including signed cooling and negative readings (2ms)
  ✓  339 tests/energy-practical.unit.spec.ts:90:5 › repeat means retain ordinary spread, justify documented failure and compare changes across differing baselines (2ms)
  ✓  340 tests/energy-practical.unit.spec.ts:122:5 › all valid gradient triangles use corresponding coordinate differences and the supplied axis unit (17ms)
  ✓  341 tests/energy-practical.unit.spec.ts:150:5 › same-point, reversed and unset triangles are retained but never accepted as a valid quotient (1ms)
  ✓  342 tests/energy-practical.unit.spec.ts:172:5 › both fit intersections are independently computed from endpoint lines and accepted only within the stated reading precision (2ms)
  ✓  343 tests/energy-practical.unit.spec.ts:205:5 › each evidence claim requires its own reason and preserves plausible wrong claims (8ms)
  ✓  344 tests/energy-practical.unit.spec.ts:223:5 › strict numbers reject malformed, exponent, fraction and nonfinite strings without replacing scientific wrong values (2ms)
  ✓  345 tests/energy-practical.unit.spec.ts:252:5 › record changes atomically reset all predictions while direct single-field errors remain legitimate history steps (1ms)
  ✓  346 tests/energy-practical.unit.spec.ts:266:5 › shared histories retain task defaults, reject a substituted first record and permit record changes with stable keys (1ms)
  ✓  347 tests/energy-practical.unit.spec.ts:282:5 › fit observations have a tied sampled maximum distinct from the estimated fitted maximum (1ms)
  ✓  348 tests/energy-transfer.unit.spec.ts:14:5 › all30 energy records admit strict canonical boards and reject unknown fields and records (12ms)
  ✓  349 tests/energy-transfer.unit.spec.ts:26:5 › symbolic transfers conserve total distribution in both directions without atoms or measured energy claims (6ms)
  ✓  350 tests/energy-transfer.unit.spec.ts:57:5 › signed and decrease-size references independently use final minus initial including negative temperatures (3ms)
  ✓  351 tests/energy-transfer.unit.spec.ts:84:5 › reaction-stage extrema rather than final room-exchange readings define the supplied trace change (3ms)
  ✓  352 tests/energy-transfer.unit.spec.ts:116:5 › application choices satisfy all independently checked numerical and electrical conditions (4ms)
  ✓  353 tests/energy-transfer.unit.spec.ts:146:5 › nine evidence records reject each wrong claim and each wrong explanation (23ms)
  ✓  354 tests/energy-transfer.unit.spec.ts:167:5 › native histories preserve symbolic one-step moves, direct numeric predictions and atomic supplied-record resets (1ms)
  ✓  355 tests/equation-writing.unit.spec.ts:8:5 › the extension preserves old forms and original task positions (2ms)
  ✓  356 tests/equation-writing.unit.spec.ts:28:5 › complete symbol references independently conserve every element and fixed formula (4ms)
  ✓  357 tests/equation-writing.unit.spec.ts:61:5 › full writing never receives automatic marks, including the exact reference (7ms)
  ✓  358 tests/equation-writing.unit.spec.ts:82:5 › new exposure equivalents are symmetric and recoveries resolve to actual refresher tasks (4ms)
  ✓  359 tests/ethane-formula-asset.unit.spec.ts:4:5 › one real ethane molecule has eight atoms, seven bonds and full carbon valence (2ms)
  ✓  360 tests/ethane-formula-asset.unit.spec.ts:21:5 › each carbon has four true tetrahedral bond directions with staggered nonplanar hydrogens (3ms)
  ✓  361 tests/extended-assessments.unit.spec.ts:11:5 › the individually curated Foundation Paper1 set keeps scope, original identities and a balanced five-strand sample (14ms)
  ✓  362 tests/extended-assessments.unit.spec.ts:38:5 › selected numeric and construction references agree with independently calculated literal values (3ms)
  ✓  363 tests/extended-assessments.unit.spec.ts:78:5 › every selected extended written answer stays manually reviewed, including method ordering and evidence limits (6ms)
  ✓  364 tests/extended-assessments.unit.spec.ts:96:5 › the separately reviewed Foundation Paper2 set retains lesson identities and the five Paper2 strands (16ms)
  ✓  365 tests/extended-assessments.unit.spec.ts:123:5 › Paper2 scalar, graph-reading and formulation references match independently calculated values and original givens (7ms)
  ✓  366 tests/extended-assessments.unit.spec.ts:168:5 › Paper2 written and full constructed responses retain honest manual review and self-contained methods (8ms)
  ✓  367 tests/extended-paper1-higher.unit.spec.ts:8:5 › the individually curated Higher set retains original task identities, separate-Chemistry scope and five Paper1 strands (55ms)
  ✓  368 tests/extended-paper1-higher.unit.spec.ts:35:5 › Higher numeric, ion and bonding diagrams match independent stoichiometry and electron references (6ms)
  ✓  369 tests/extended-paper1-higher.unit.spec.ts:87:5 › all complete methods, explanatory writing and temperature construction remain manually reviewed (3ms)
  ✓  370 tests/extended-paper2-higher.unit.spec.ts:17:5 › the individually reviewed Higher Paper2 sample preserves scope, original identities and six tasks in each strand (21ms)
  ✓  371 tests/extended-paper2-higher.unit.spec.ts:37:5 › all sixteen automatic responses agree with independently calculated or chemically identified references (12ms)
  ✓  372 tests/extended-paper2-higher.unit.spec.ts:110:5 › full tangent, acid, addition, polyester and pressure graph constructions require manual review and reject untouched scaffolds (8ms)
  ✓  373 tests/filtration-asset.unit.spec.ts:4:5 › macroscopic filtration has an open conical paper and funnel, suspended residue and liquid receiver (5ms)
  ✓  374 tests/filtration-asset.unit.spec.ts:37:5 › all macroscopic regions have finite nonzero actual geometry at four rotations (2.2s)
  ✓  375 tests/formula-mass.unit.spec.ts:16:5 › formula scope preserves implied ones two-letter symbols repeated groups and rejects coefficients charges and malformed syntax (11ms)
  ✓  376 tests/formula-mass.unit.spec.ts:56:5 › strict count ledger bracket and coefficient boards retain incorrect chemical reasoning (10ms)
  ✓  377 tests/formula-mass.unit.spec.ts:106:5 › fifty-two original tasks independently assess working and preserve original bank and repeat exposure (36ms)
  ✓  378 tests/formula-mass.unit.spec.ts:136:5 › complete independent contributions reject a correct total hiding missing working (1ms)
  ✓  379 tests/fuel-half.unit.spec.ts:35:7 › construct: saved wrong states stay wrong and every required field is necessary across all supplied cases (35ms)
  ✓  380 tests/fuel-half.unit.spec.ts:35:7 › combine: saved wrong states stay wrong and every required field is necessary across all supplied cases (18ms)
  ✓  381 tests/fuel-half.unit.spec.ts:35:7 › path: saved wrong states stay wrong and every required field is necessary across all supplied cases (10ms)
  ✓  382 tests/fuel-half.unit.spec.ts:35:7 › diagnose: saved wrong states stay wrong and every required field is necessary across all supplied cases (17ms)
  ✓  383 tests/fuel-half.unit.spec.ts:35:7 › evidence: saved wrong states stay wrong and every required field is necessary across all supplied cases (11ms)
  ✓  384 tests/fuel-half.unit.spec.ts:72:5 › independent atom and charge inventories distinguish reversed process, wrong atoms and wrong electron side (3ms)
  ✓  385 tests/fuel-half.unit.spec.ts:98:5 › combination uses independently calculated smallest common electron counts and retains the requested scale (4ms)
  ✓  386 tests/fuel-half.unit.spec.ts:136:5 › typed equations preserve required species, atoms, charge, process direction and smallest whole-number scale (3ms)
  ✓  387 tests/fuel-half.unit.spec.ts:164:5 › fuel-cell phase choices allow actual liquid/vapour outputs without changing earlier aqueous-electrolysis states (1ms)
  ✓  388 tests/fuel-half.unit.spec.ts:188:5 › all authored answers mark coherently, written work remains self-review and recovery/exposure targets are direct existing IDs (336ms)
  ✓  389 tests/fuel-half.unit.spec.ts:224:5 › actual geometry has separated electrode/electrolyte layers, feed and water ports, external load and correctly oriented proposed route (17ms)
  ✓  390 tests/fuel-half.unit.spec.ts:276:5 › shared previous teaching directly exposes the repeated cold demands without transitive assumptions (5ms)
  ✓  391 tests/fuel-half.unit.spec.ts:284:5 › all 22 numerical answers independently reconstruct atom counts, signed charges, full reaction scaling and least common multiples (3ms)
  ✓  392 tests/fullerene-writing.unit.spec.ts:13:5 › diamond corrections preserve original identities, forms and saved positions while reserving full causal writing (2ms)
  ✓  393 tests/fullerene-writing.unit.spec.ts:32:5 › fullerene description and brief recall retain distinct response demands (1ms)
  ✓  394 tests/fullerene-writing.unit.spec.ts:41:5 › helped fullerene recall and description retain reciprocal exposure (255ms)
  ✓  395 tests/fullerenes.unit.spec.ts:19:5 › C60 is a genuine connected sixty-carbon closed cage with pentagons hexagons and two faces per edge (50ms)
  ✓  396 tests/fullerenes.unit.spec.ts:69:5 › cage faces are planar convex boundaries while the whole atom set has real depth and a hollow centre (30ms)
  ✓  397 tests/fullerenes.unit.spec.ts:99:5 › fullerene wrong predictions persist in strict one-operation histories and require both causal conditions (4ms)
  ✓  398 tests/fullerenes.unit.spec.ts:157:5 › all thirty-nine fullerene tasks have reviewed references and shared repeated C60 count exposure (46ms)
  ✓  399 tests/gas-inventory-asset.unit.spec.ts:8:5 › every actual methane inventory conserves complete atom counts while liquid water leaves the gas count (8ms)
  ✓  400 tests/gas-inventory-asset.unit.spec.ts:51:5 › exported geometry candidates have real common-scale gas volumes, contained molecules and unchanged unused identities (10ms)
  ✓  401 tests/gas-tests.unit.spec.ts:48:5 › the individual gas journey covers its original cases, specific recovery and sealed forms (17ms)
  ✓  402 tests/gas-tests.unit.spec.ts:85:5 › independent literal chemistry contracts distinguish starting state, contact, observation and gas (4ms)
  ✓  403 tests/gas-tests.unit.spec.ts:128:5 › all 39 actual adapters preserve wrong proposals, enforce one-step histories and permit scoped reset (247ms)
  ✓  404 tests/gas-tests.unit.spec.ts:164:5 › a different same-mode source cannot become the current task's saved board or correct answer (3ms)
  ✓  405 tests/gas-tests.unit.spec.ts:183:5 › asked-only feedback never invents correctness for unchosen fields (0ms)
  ✓  406 tests/gas-tests.unit.spec.ts:195:5 › all six diagrams start blank, preserve wrong labels and require honest self-review (11ms)
  ✓  407 tests/gas-tests.unit.spec.ts:239:5 › progress decoding retains legacy work and validates the specific new source history (1ms)
  ✓  408 tests/gas-tests.unit.spec.ts:253:5 › all six legacy facts and revealed limewater identity lose fresh status while paired transfer stays separate (26ms)
  ✓  409 tests/gas-tests.unit.spec.ts:280:5 › reserved figures contain only original methods and results (2ms)
  ✓  410 tests/gas-tests.unit.spec.ts:293:5 › review waits seven days from the latest actual submission (0ms)
  ✓  411 tests/gas-tests.unit.spec.ts:310:5 › actual apparatus metadata preserves unknown and wrong choices without simulated observations (3ms)
  ✓  412 tests/gas-volumes-content.unit.spec.ts:9:5 › individually authored gas tasks separate assistance, checks and phase reasoning (2ms)
  ✓  413 tests/gas-volumes-content.unit.spec.ts:33:5 › every numeric gas answer is independently reconstructed from the stated amounts and coefficients (16ms)
  ✓  414 tests/gas-volumes-content.unit.spec.ts:92:5 › old route retains all six legacy questions and strict saved histories for five new gas models (5ms)
  ✓  415 tests/gas-volumes.unit.spec.ts:16:5 › RTP uses24dm³ per mole and exact cubic conversion rather than24cm³ (1ms)
  ✓  416 tests/gas-volumes.unit.spec.ts:23:5 › mass requires whole gas formula and grams, retaining supplied official unrounded answers (1ms)
  ✓  417 tests/gas-volumes.unit.spec.ts:30:5 › gas coefficient ratios work without assuming24 for unknown temperature and pressure (0ms)
  ✓  418 tests/gas-volumes.unit.spec.ts:36:5 › dry methane products include identified unused gas and exclude collected liquid water (1ms)
  ✓  419 tests/gas-volumes.unit.spec.ts:47:5 › official steam phase excludes solid but retains vapour and excess oxygen (0ms)
  ✓  420 tests/gas-volumes.unit.spec.ts:64:5 › all authored model records have reachable correct selectable predictions and strict history domains (9ms)
  ✓  421 tests/gas-volumes.unit.spec.ts:98:5 › negative, nonfinite amounts and undefined molar-mass or coefficient divisions reject (5ms)
  ✓  422 tests/graphene-writing.unit.spec.ts:13:5 › graphene corrections preserve original identities, forms and saved positions while reserving full causal writing (2ms)
  ✓  423 tests/graphene-writing.unit.spec.ts:32:5 › graphene explanations separate thinness, carriers, strong bonds and bounded panel evidence (3ms)
  ✓  424 tests/graphene-writing.unit.spec.ts:45:5 › helped graphene mechanisms retain symmetric exposure (226ms)
  ✓  425 tests/graphene-writing.unit.spec.ts:54:5 › reserved panel data retain independently supplied limits and quantities (0ms)
  ✓  426 tests/graphene.unit.spec.ts:19:5 › graphene is one connected planar honeycomb sheet with equal coplanar three-neighbour sites (5ms)
  ✓  427 tests/graphene.unit.spec.ts:47:5 › supplied panel evidence meets both criteria for only B and supports mass reduction rather than a density claim (1ms)
  ✓  428 tests/graphene.unit.spec.ts:85:5 › native graphene predictions have strict saved fields and one-operation histories (2ms)
  ✓  429 tests/graphene.unit.spec.ts:110:5 › all forty-four graphene tasks have reviewed answer references and conservative repeated-layer exposure (51ms)
  ✓  430 tests/graphite-writing.unit.spec.ts:13:5 › diamond corrections preserve original identities, forms and saved positions while reserving full causal writing (2ms)
  ✓  431 tests/graphite-writing.unit.spec.ts:32:5 › graphite writing separates carrier motion, sliding and strong-bond energy (3ms)
  ✓  432 tests/graphite-writing.unit.spec.ts:43:5 › helped graphite mechanisms have direct symmetric exposure links (256ms)
  ✓  433 tests/graphite.unit.spec.ts:19:5 › graphite is three separate connected honeycomb sheets with planar three-neighbour sites and six-member cycles (54ms)
  ✓  434 tests/graphite.unit.spec.ts:77:5 › whole-sheet displacement conserves positions of other sheets and every covalent bond length (132ms)
  ✓  435 tests/graphite.unit.spec.ts:95:5 › graphite histories reject false fields multi-step drift and incomplete property predictions (3ms)
  ✓  436 tests/graphite.unit.spec.ts:161:5 › all original graphite demands have correct answer references targeted recovery and conservative coordination exposure (45ms)
  ✓  437 tests/greenhouse.unit.spec.ts:27:5 › one authored lesson, six distinct activities, exact routes and unassisted reserved forms (14ms)
  ✓  438 tests/greenhouse.unit.spec.ts:59:5 › complete construction accepts each scientific record, wrong fields remain wrong and sources stay fixed (28ms)
  ✓  439 tests/greenhouse.unit.spec.ts:87:5 › record binding rejects foreign sources, extra keys, prototype data and multi-edit histories (2ms)
  ✓  440 tests/greenhouse.unit.spec.ts:115:5 › malformed and negative numbers are retained without silent repair or zero coercion (4ms)
  ✓  441 tests/greenhouse.unit.spec.ts:138:5 › independently recomputed 13 scalar references use signed energy and stated whole (6ms)
  ✓  442 tests/greenhouse.unit.spec.ts:165:5 › four independent two-field ledgers, fraction/scientific values and wrong sign (3ms)
  ✓  443 tests/greenhouse.unit.spec.ts:192:5 › radiation model conserves sources and avoids mirror, all-sunlight and perpetual trapping misconceptions (2ms)
  ✓  444 tests/greenhouse.unit.spec.ts:222:5 › two activities for each gas are distinct and tied to the appropriate process (1ms)
  ✓  445 tests/greenhouse.unit.spec.ts:243:5 › all choice distractors diagnose their error and extended writing earns no automatic marks (18ms)
  ✓  446 tests/greenhouse.unit.spec.ts:260:5 › legacy and repeated mechanisms share exposure; fresh numerical data remain separate (1ms)
  ✓  447 tests/group-one-writing.unit.spec.ts:14:5 › original Group 1 forms and saved learning positions remain compatible (1ms)
  ✓  448 tests/group-one-writing.unit.spec.ts:31:5 › the supplied reference covers all six alkali metals and exact symbol case matters (3ms)
  ✓  449 tests/group-one-writing.unit.spec.ts:46:5 › complete chemical writing is manual and equivalent helped demands are exposed (26ms)
  ✓  450 tests/group-one.unit.spec.ts:17:5 › reaction partners determine products and first-three evidence is bounded, with one outer electron (3ms)
  ✓  451 tests/group-one.unit.spec.ts:41:5 › water ledger counts hydroxide and hydrogen separately, rejects zeros and accepts balanced multiples (3ms)
  ✓  452 tests/group-one.unit.spec.ts:77:5 › reaction evidence selection and ion transformations resume with strict scientific invariants (2ms)
  ✓  453 tests/group-one.unit.spec.ts:102:5 › all 46 tasks retain distinct reserved forms, targeted feedback and honest written review (24ms)
  ✓  454 tests/group-one.unit.spec.ts:136:5 › trend prediction accepts a justified interval and never represents one example as the only expected answer (2ms)
  ✓  455 tests/group-seven-writing.unit.spec.ts:13:5 › original halogen forms and saved positions remain readable (1ms)
  ✓  456 tests/group-seven-writing.unit.spec.ts:40:5 › supplied Group 7 entries preserve exact symbols without implying measured chemistry (3ms)
  ✓  457 tests/group-seven-writing.unit.spec.ts:56:5 › full chemical and observation reasoning is manual and equivalent assisted responses stay exposed (53ms)
  ✓  458 tests/group-seven.unit.spec.ts:17:5 › neutral halogen pairs, atoms and halide ions have different counts, charges and notation (2ms)
  ✓  459 tests/group-seven.unit.spec.ts:40:5 › all nine first-three displacement combinations follow an independently tabulated chemical order (4ms)
  ✓  460 tests/group-seven.unit.spec.ts:89:5 › phase inference depends on supplied temperature, permits boundary coexistence and retains molecules (3ms)
  ✓  461 tests/group-seven.unit.spec.ts:108:5 › molecule, phase and displacement histories resume while invalid or simultaneous transitions are rejected (2ms)
  ✓  462 tests/group-seven.unit.spec.ts:141:5 › 60 reviewed tasks include cold forms, a real observation table and written electron-gain reasoning (56ms)
  ✓  463 tests/group-zero-writing.unit.spec.ts:12:5 › old noble-gas forms, indices and malformed saved answers remain supported (2ms)
  ✓  464 tests/group-zero-writing.unit.spec.ts:38:5 › physical predictions keep strict bounds and reject unsupported literal numbers without pretending an exact measurement (6ms)
  ✓  465 tests/group-zero-writing.unit.spec.ts:67:5 › electron, use and physical-change explanations are constructed manually and symmetric aliases retain assisted exposure (41ms)
  ✓  466 tests/group-zero.unit.spec.ts:11:5 › helium and argon full shells preserve the first-shell exception and distinguish missing electrons (1ms)
  ✓  467 tests/group-zero.unit.spec.ts:19:5 › gas and justification must both meet the specified requirements, with explicit counterexamples (2ms)
  ✓  468 tests/group-zero.unit.spec.ts:44:5 › property histories validate exact states and one operation while rejecting tampering (1ms)
  ✓  469 tests/group-zero.unit.spec.ts:60:5 › cold tasks are distinct, predictions accept justified intervals, and written answers never earn automatic marks (11ms)
  ✓  470 tests/haber.unit.spec.ts:32:5 › one mixed-tier separate Chemistry journey covers each process and every recovery (22ms)
  ✓  471 tests/haber.unit.spec.ts:80:5 › immutable scientific sources and bounded one-field raw histories (44ms)
  ✓  472 tests/haber.unit.spec.ts:111:5 › malformed numeric entries remain raw; foreign, non-plain and forged states rejected (4ms)
  ✓  473 tests/haber.unit.spec.ts:138:5 › independently calculated scalar references and conservation accounts (11ms)
  ✓  474 tests/haber.unit.spec.ts:195:5 › chemical rate, equilibrium and phosphate products are not conflated (1ms)
  ✓  475 tests/haber.unit.spec.ts:223:5 › every assessment answer remains honest and theoretical exposures are reciprocal (3.2s)
  ✓  476 tests/haber.unit.spec.ts:261:5 › manual graph supports raw work, selectable scales and a separate bounded smooth curve (4ms)
  ✓  477 tests/half-equations-content.unit.spec.ts:5:5 › 49 individually authored tasks retain reserved forms, exposure aliases and six self-reviewed written answers (15ms)
  ✓  478 tests/half-equations-content.unit.spec.ts:44:5 › seven numeric answers are independently recomputed from charges and constituent counts (1ms)
  ✓  479 tests/half-equations-integration.unit.spec.ts:6:5 › Higher route preserves 532 original question IDs and canonical model decoding (4ms)
  ✓  480 tests/half-equations-integration.unit.spec.ts:35:5 › charge/coefficient history permits single steps and atomically resets every field on record change (2ms)
  ✓  481 tests/half-equations.unit.spec.ts:13:5 › charged notation, optional appropriate states, reordered terms and positive multiples preserve conservation (2ms)
  ✓  482 tests/half-equations.unit.spec.ts:35:5 › incorrect charge, atoms, identity, side, syntax, states and uncharged electrons are rejected (3ms)
  ✓  483 tests/half-equations.unit.spec.ts:62:5 › all supplied equations independently retain atoms and total charge including electron terms (11ms)
  ✓  484 tests/half-equations.unit.spec.ts:81:5 › coefficient models accept balanced multiples but never a zero reaction or negative/uncanonical board (2ms)
  ✓  485 tests/half-equations.unit.spec.ts:113:5 › electron gain decreases charge, loss increases it and positive ions can oxidise (1ms)
  ✓  486 tests/half-equations.unit.spec.ts:136:5 › diagnosis separates atom-only, charge-only, both and neither (1ms)
  ✓  487 tests/half-equations.unit.spec.ts:148:5 › supplied molten state symbols cannot silently become aqueous product claims (1ms)
  ✓  488 tests/hydroxide-oxidation-asset.unit.spec.ts:11:5 › actual asset retains O4H4 and eight IDs per state, with external electron charge separately preserved (6ms)
  ✓  489 tests/hydroxide-oxidation-asset.unit.spec.ts:29:5 › water has actual bent geometry and oxygen has two atoms with two double-bond rods (3ms)
  ✓  490 tests/hydroxide-oxidation-asset.unit.spec.ts:53:5 › four cardinal views keep projected atomic circles apart and inside each frame (97ms)
  ✓  491 tests/instrumental.unit.spec.ts:34:5 › the individual journey retains legacy identities, distinct reserved forms and specific recovery (24ms)
  ✓  492 tests/instrumental.unit.spec.ts:64:5 › supplied reference positions, overlaps and new reserved mixtures obey the stated evidence (10ms)
  ✓  493 tests/instrumental.unit.spec.ts:119:5 › numeric references independently interpolate the supplied standards including nonzero backgrounds (12ms)
  ✓  494 tests/instrumental.unit.spec.ts:172:5 › native adapters reject empty, wrong, foreign and multi-edit histories without repairing entries (117ms)
  ✓  495 tests/instrumental.unit.spec.ts:224:5 › quality and advantage conclusions remain specific to the actual comparisons (1ms)
  ✓  496 tests/instrumental.unit.spec.ts:250:5 › all authored answers, misconceptions and written self-reviews use honest marking (26ms)
  ✓  497 tests/instrumental.unit.spec.ts:269:5 › progress accepts valid wrong histories, rejects source substitution and preserves malformed raw bytes (1ms)
  ✓  498 tests/instrumental.unit.spec.ts:304:5 › global exposure links legacy and exact repeated demands without equating every supplied reference (19ms)
  ✓  499 tests/inverse-atom-economy.unit.spec.ts:18:5 › inverse equation references agree with independent complementary percentages and weighted atomic contributions (2ms)
  ✓  500 tests/inverse-atom-economy.unit.spec.ts:39:5 › coefficient, wrong numerator, omitted unknown, complement and final precision errors remain distinct (3ms)
  ✓  501 tests/inverse-atom-economy.unit.spec.ts:95:5 › append-only native histories retain raw wrong work and original sealed form identities (5ms)
  ✓  502 tests/ion-equations.unit.spec.ts:30:5 › all95 original ion definitions, stage indices and reserved forms survive the append (48ms)
  ✓  503 tests/ion-equations.unit.spec.ts:63:5 › independent literal chemistry contracts conserve every element and retain correct states and spectators (10ms)
  ✓  504 tests/ion-equations.unit.spec.ts:104:5 › syntax distinguishes malformed bytes from readable wrong chemistry without imposing an automatic examiner mark (6ms)
  ✓  505 tests/ion-equations.unit.spec.ts:136:5 › raw malformed and scientifically wrong drafts remain byte-exact through saved decoding (0ms)
  ✓  506 tests/ion-equations.unit.spec.ts:147:5 › shown copper and helped equivalent iron/aluminium writing cannot become fresh on another form (12ms)
  ✓  507 tests/ion-tests.unit.spec.ts:37:5 › one authored ion journey covers every source, specific recovery, groups and sealed forms (35ms)
  ✓  508 tests/ion-tests.unit.spec.ts:70:5 › literal independent specification contracts cover flame, hydroxide and anion methods (5ms)
  ✓  509 tests/ion-tests.unit.spec.ts:124:5 › all actual board adapters retain scientific wrong choices and enforce single-edit anchored histories (487ms)
  ✓  510 tests/ion-tests.unit.spec.ts:162:5 › a same-mode foreign original cannot pass the active model or progress decoder (1ms)
  ✓  511 tests/ion-tests.unit.spec.ts:190:5 › six hydroxide equations independently conserve metal, oxygen, hydrogen and charge (6ms)
  ✓  512 tests/ion-tests.unit.spec.ts:232:5 › reagent contamination and incomplete records never identify a replacement ion (3ms)
  ✓  513 tests/ion-tests.unit.spec.ts:260:5 › authored numeric constructions mark actual coefficients; extended plans remain honest self-review (70ms)
  ✓  514 tests/ion-tests.unit.spec.ts:279:5 › legacy exposure and direct related reasoning remain globally conservative (15ms)
  ✓  515 tests/ion-tests.unit.spec.ts:302:5 › actual 3D portions keep unchosen and wrong selection states without fabricated observations (2.7s)
  ✓  516 tests/ionic-bonding-writing.unit.spec.ts:12:5 › old ionic drawings, practice positions and reserved forms remain compatible (2ms)
  ✓  517 tests/ionic-bonding-writing.unit.spec.ts:43:5 › written ion formation stays unmarked while independent drawings still require origins, brackets and charge (8ms)
  ✓  518 tests/ionic-bonding-writing.unit.spec.ts:66:5 › helped equivalent explanations cannot become fresh independent evidence (32ms)
  ✓  519 tests/ionic-bonding.unit.spec.ts:12:5 › reserved ion explanations retain their changed donor contexts rather than inheriting the practice donor (1ms)
  ✓  520 tests/ionic-bonding.unit.spec.ts:28:5 › all four transfer examples independently conserve nuclei, electrons and net charge and give the required ions (6ms)
  ✓  521 tests/ionic-bonding.unit.spec.ts:51:5 › a conserved wrong magnesium distribution does not prove formation of the required chloride ions (2ms)
  ✓  522 tests/ionic-bonding.unit.spec.ts:63:5 › every legal transfer state conserves all particles and respects the donor budget without changing nuclei (11ms)
  ✓  523 tests/ionic-bonding.unit.spec.ts:84:5 › strict transfer histories reject jumps, overdrawn donor electrons, added nuclei and two operations at once (1ms)
  ✓  524 tests/ionic-bonding.unit.spec.ts:100:5 › all 52 reviewed tasks reserve cold forms and preserve deliberately wrong origin counts and written honesty (17ms)
  ✓  525 tests/ionic-bonding.unit.spec.ts:129:5 › independent diagram construction marks origins, charge and brackets separately without exposing storage encodings (2ms)
  ✓  526 tests/ionic-formulae.unit.spec.ts:16:5 › independent charge ratios preserve whole polyatomic groups and their atom counts (2ms)
  ✓  527 tests/ionic-formulae.unit.spec.ts:46:5 › neutral but non-simplest counts and non-neutral ratios remain distinct errors (10ms)
  ✓  528 tests/ionic-formulae.unit.spec.ts:63:5 › strict single whole-ion operations reject fractions jumps and altered-ion fields (1ms)
  ✓  529 tests/ionic-formulae.unit.spec.ts:72:5 › formula marking accepts presentation subscripts while preserving capitals parentheses and simplest ratio (2ms)
  ✓  530 tests/ionic-formulae.unit.spec.ts:95:5 › all forty individually authored tasks reserve assessments and avoid automatic written correctness (12ms)
  ✓  531 tests/ionic-structure-writing.unit.spec.ts:12:5 › original structure forms and retained practice work remain compatible (1ms)
  ✓  532 tests/ionic-structure-writing.unit.spec.ts:39:5 › extended written reasoning never receives automatic examiner marks (7ms)
  ✓  533 tests/ionic-structure-writing.unit.spec.ts:57:5 › helped property and representation equivalents remain exposed (48ms)
  ✓  534 tests/ionic-structures.unit.spec.ts:19:5 › finite rock-salt fragment has balanced species, genuine depth and opposite nearest neighbours (11ms)
  ✓  535 tests/ionic-structures.unit.spec.ts:42:5 › lattice history preserves wrong predictions, rejects injected counts and fields, and requires one operation (1ms)
  ✓  536 tests/ionic-structures.unit.spec.ts:56:5 › conductivity depends on phase and ion mobility, with electron explanations rejected in every phase (2ms)
  ✓  537 tests/ionic-structures.unit.spec.ts:76:5 › individual journey contains distinct reserved demands, honest written review and correct route scope (15ms)
  ✓  538 tests/isotopes.unit.spec.ts:13:5 › the authored lesson reserves independent and delayed tasks and gives each a purpose (20ms)
  ✓  539 tests/isotopes.unit.spec.ts:52:5 › isotope operations change only neutrons; ion operations change only electrons (9ms)
  ✓  540 tests/isotopes.unit.spec.ts:78:5 › inverse charge and nuclear-symbol answers agree with signed particle arithmetic (2ms)
  ✓  541 tests/isotopes.unit.spec.ts:113:5 › fixed-quantity transformation histories survive decoding while tampered nuclei are rejected (1ms)
  ✓  542 tests/journeys.unit.spec.ts:20:5 › individually rebuilt journeys have unique identities and the atom sample reserves assessment forms (34ms)
  ✓  543 tests/journeys.unit.spec.ts:160:5 › atom answers agree with nuclear counts, including inverse and multi-part questions (4ms)
  ✓  544 tests/journeys.unit.spec.ts:206:5 › particle sorting diagnoses the wrong region and atom operations separate identity, mass and charge (1ms)
  ✓  545 tests/journeys.unit.spec.ts:249:5 › saved model history validates original start, one operation per step and bounds (1ms)
  ✓  546 tests/journeys.unit.spec.ts:270:5 › both original records and new form results retain their question identities (2ms)
  ✓  547 tests/life-cycle.unit.spec.ts:27:5 › one67-task shared lifecycle lesson has six deliberate activities and15 sources with faded independent support (18ms)
  ✓  548 tests/life-cycle.unit.spec.ts:62:5 › wrong lifecycle proposals preserve original sources and strictly one-field histories (49ms)
  ✓  549 tests/life-cycle.unit.spec.ts:90:5 › invalid numeric strings stay raw while foreign sources and forged histories are rejected (3ms)
  ✓  550 tests/life-cycle.unit.spec.ts:119:5 › boundary selections can reverse an advert but unknown entries never silently become zero (1ms)
  ✓  551 tests/life-cycle.unit.spec.ts:142:5 › 24 native numeric references derive from stage sums, equal service and conditional sorted recoveries (3ms)
  ✓  552 tests/life-cycle.unit.spec.ts:184:5 › 26 scalar answers and eight independent24-field constructions match separately audited references (16ms)
  ✓  553 tests/life-cycle.unit.spec.ts:259:5 › paper/plastic trade-offs and thirteen extended responses preserve honest manually reviewed judgement (17ms)
  ✓  554 tests/life-cycle.unit.spec.ts:289:5 › six old facts and repeated theory are reciprocally exposed but fresh reserved numerical data stay distinct (19ms)
  ✓  555 tests/limiting-asset.unit.spec.ts:21:5 › actual 3D inventory conserves C3 H12 O8 and preserves one intact unused methane (8ms)
  ✓  556 tests/limiting-reactants.unit.spec.ts:7:5 › coefficient-normalized capacities distinguish both limiting directions and exact supply (2ms)
  ✓  557 tests/limiting-reactants.unit.spec.ts:20:5 › fractional mol stay continuous and tiny positive quantities are retained (3ms)
  ✓  558 tests/limiting-reactants.unit.spec.ts:34:5 › smaller gram mass need not limit; product plus leftover mass conserves the complete inventory (1ms)
  ✓  559 tests/limiting-reactants.unit.spec.ts:55:5 › adding excess alone leaves maximum product fixed; supply graphs plateau when acid is exhausted (1ms)
  ✓  560 tests/limiting-reactants.unit.spec.ts:71:5 › native predictions require both capacities and all leftovers, with strict persisted boards (4ms)
  ✓  561 tests/limiting-reactants.unit.spec.ts:131:5 › 48 individually authored references retain complete multipart work and false written correctness (14ms)
  ✓  562 tests/limiting-reactants.unit.spec.ts:148:5 › strict native histories survive decode, reject surplus keys and retain correct initial states (3ms)
  ✓  563 tests/manual-progress.unit.spec.ts:6:5 › saved written responses need review without being classified as incorrect (2ms)
  ✓  564 tests/manual-progress.unit.spec.ts:23:5 › an actual incorrect automatic response still recommends revision (1ms)
  ✓  565 tests/mass-conservation.unit.spec.ts:24:5 › mass accounting defines apparatus, unused reactants, retained gas and oxygen transfer independently (10ms)
  ✓  566 tests/mass-conservation.unit.spec.ts:84:5 › actual boundary asset retains all three parcel identities and all carbon dioxide atoms across every transfer snapshot (46ms)
  ✓  567 tests/mass-conservation.unit.spec.ts:119:5 › complete predictions require boundary-specific mass and cause while preserving false reasoning (9ms)
  ✓  568 tests/mass-conservation.unit.spec.ts:232:5 › all forty-nine tasks retain mass definitions, correct references and ungraded written reasoning (45ms)
  ✓  569 tests/mass-conservation.unit.spec.ts:272:5 › registered mass journey preserves valid model history, rejects malformed storage and aliases repeated reasoning (12ms)
  ✓  570 tests/mass-writing.unit.spec.ts:13:5 › mass additions preserve original identities, forms, positions and retained wrong accounts (2ms)
  ✓  571 tests/mass-writing.unit.spec.ts:34:5 › complete inventories independently retain unused material and escaped gas with consistent apparatus boundaries (3ms)
  ✓  572 tests/mass-writing.unit.spec.ts:81:5 › independent chemical accounts retain atoms and oxygen source while equivalent help stays exposed and manually marked (1.5s)
  ✓  573 tests/materials.unit.spec.ts:26:5 › one93-task separate Chemistry lesson has eight specific activities and25 supplied cases (34ms)
  ✓  574 tests/materials.unit.spec.ts:61:5 › every wrong proposal preserves immutable facts and exact one-field histories (71ms)
  ✓  575 tests/materials.unit.spec.ts:89:5 › malformed numeric work remains raw; foreign, forged and non-plain states rejected (6ms)
  ✓  576 tests/materials.unit.spec.ts:125:5 › rust controls, coating reactivity and finite zinc are scientifically distinct (1ms)
  ✓  577 tests/materials.unit.spec.ts:165:5 › independent literal numerical references and native material balances use the correct whole (9ms)
  ✓  578 tests/materials.unit.spec.ts:220:5 › crosslinks and packing have separate structures and correct consequences (1ms)
  ✓  579 tests/materials.unit.spec.ts:249:5 › recipes, composite roles and simultaneous constraints cannot be interchanged (1ms)
  ✓  580 tests/materials.unit.spec.ts:282:5 › fourteen explanations are manual and reserved numerics are distinct from teaching (10ms)
  ✓  581 tests/materials.unit.spec.ts:302:5 › legacy and shared identical facts retain global reciprocal exposure closure (432ms)
  ✓  582 tests/measurement-uncertainty.unit.spec.ts:23:5 › repeat summaries preserve specified sets, mean denominators and common-offset invariant spread (5ms)
  ✓  583 tests/measurement-uncertainty.unit.spec.ts:69:5 › model predictions require justified selection and reference evidence as well as numerical answers (6ms)
  ✓  584 tests/measurement-uncertainty.unit.spec.ts:152:5 › half-range estimates are distinct from observed endpoints and do not remove a repeated bias (1ms)
  ✓  585 tests/measurement-uncertainty.unit.spec.ts:169:5 › forty-eight individually authored tasks separate ranges, justified means and honestly ungraded explanations (32ms)
  ✓  586 tests/measurement-uncertainty.unit.spec.ts:194:5 › registered measurement models preserve valid histories while repeated conclusions cannot become fresh evidence (10ms)
  ✓  587 tests/metal-displacement-asset.unit.spec.ts:4:5 › real before/after geometry conserves seven atomic constituents two ionic charges and sulfate identity (26ms)
  ✓  588 tests/metal-displacement-asset.unit.spec.ts:59:5 › reverse and same metal preserve original neutral atom and dissolved ion rather than invent displacement (9ms)
  ✓  589 tests/metal-extraction-content.unit.spec.ts:4:5 › 48 individually authored tasks keep practice, cold checks and delayed review distinct (4ms)
  ✓  590 tests/metal-extraction-content.unit.spec.ts:17:5 › all twenty numerical demands independently recompute ore, oxide, metal and actual output (5ms)
  ✓  591 tests/metal-extraction-content.unit.spec.ts:48:5 › chemical and qualification limits are explicit without certifying broad extraction coverage (2ms)
  ✓  592 tests/metal-extraction-integration.unit.spec.ts:7:5 › one Foundation extraction route preserves original banks and canonical native saved state (5ms)
  ✓  593 tests/metal-extraction-integration.unit.spec.ts:38:5 › saved selections allow one field at a time, retaining predictions across record changes (1ms)
  ✓  594 tests/metal-extraction.unit.spec.ts:11:5 › every supplied record admits its prediction and rejects every alternative field value (28ms)
  ✓  595 tests/metal-extraction.unit.spec.ts:35:5 › ore grade and compound composition retain different numerical denominators (1ms)
  ✓  596 tests/metal-extraction.unit.spec.ts:48:5 › suitability cannot be overridden by cost or native purity assumptions (1ms)
  ✓  597 tests/metal-extraction.unit.spec.ts:66:5 › carbon products are given specifically rather than imposed universally (0ms)
  ✓  598 tests/metal-extraction.unit.spec.ts:75:5 › actual-output cost and simultaneous constraints support neither route (1ms)
  ✓  599 tests/metal-extraction.unit.spec.ts:88:5 › saved prediction domains reject coercion, extra fields, missing fields and unknown records (1ms)
  ✓  600 tests/metal-reactivity-content.unit.spec.ts:4:5 › individual metal lesson has distinct reserved forms, recoveries and honest written review (8ms)
  ✓  601 tests/metal-reactivity-integration.unit.spec.ts:7:5 › Foundation shared metals keeps all original bank identities and strict canonical saved native history (6ms)
  ✓  602 tests/metal-reactivity-integration.unit.spec.ts:38:5 › series saves only adjacent swaps and atomic record resets, rejecting arbitrary two-field changes (1ms)
  ✓  603 tests/metal-reactivity.unit.spec.ts:15:5 › ordinal reference preserves AQA core order and identifies hydrogen/carbon as thresholds (1ms)
  ✓  604 tests/metal-reactivity.unit.spec.ts:27:5 › only an added more reactive metal forms the displaced metal; no transmutation (3ms)
  ✓  605 tests/metal-reactivity.unit.spec.ts:44:5 › transitive evidence establishes order while missing comparison cannot force one (2ms)
  ✓  606 tests/metal-reactivity.unit.spec.ts:76:5 › every record has reachable correct predictions and wrong fields remain incorrect (24ms)
  ✓  607 tests/metal-reactivity.unit.spec.ts:119:5 › strict saved series rejects a changed record with old tiles and numeric coercion (1ms)
  ✓  608 tests/metal-reactivity.unit.spec.ts:137:5 › room-temperature magnesium observation is not a claim of zero reaction; copper acid and calcium water remain distinct (1ms)
  ✓  283 tests/displacement-asset.unit.spec.ts:70:5 › each substance has independent rotation centre and geometry is finite with true depth (19.6s)
  ✓  610 tests/displacement-asset.unit.spec.ts:92:5 › all atomic spheres remain visually separate in the inspected four cardinal per-substance rotations (62ms)
  ✓  611 tests/metallic-bonding.unit.spec.ts:18:5 › illustrative metallic fragment balances positive cores and negative delocalised electrons across three projected layers (2ms)
  ✓  612 tests/metallic-bonding.unit.spec.ts:37:5 › metallic model histories retain wrong hypotheses and reject injected values, fields and multiple changes (5ms)
  ✓  613 tests/metallic-bonding.unit.spec.ts:82:5 › all 51 authored demands have unique references, causal misconceptions and honest written self-review (23ms)
  ✓  614 tests/metallic-bonding.unit.spec.ts:107:5 › refocused route preserves legacy bank identities alongside separate reserved metallic tasks (26ms)
  ✓  615 tests/metallic-writing.unit.spec.ts:13:5 › metallic corrections preserve original identities, forms and saved positions while reserving full causal writing (2ms)
  ✓  616 tests/metallic-writing.unit.spec.ts:32:5 › full metallic explanations are manual, preserve force distinctions and qualify the supplied comparisons (3ms)
  ✓  617 tests/metallic-writing.unit.spec.ts:42:5 › helped metallic mechanisms have direct symmetric exposure links (177ms)
  ✓  618 tests/molar-concentration-content.unit.spec.ts:5:5 › 49 deliberately separate tasks have distinct identities and conservative written responses (2ms)
  ✓  619 tests/molar-concentration-content.unit.spec.ts:30:5 › every numeric response has an independently recomputed chemical reference (13ms)
  ✓  620 tests/molar-concentration-content.unit.spec.ts:93:5 › Higher separate route retains original identities and strict canonical histories for all five solution models (4ms)
  ✓  621 tests/molar-concentration.unit.spec.ts:12:5 › final cubic solution volume converts exactly and keeps named concentration units (1ms)
  ✓  622 tests/molar-concentration.unit.spec.ts:21:5 › amount, mass and required volume retain full precision through both operations (1ms)
  ✓  623 tests/molar-concentration.unit.spec.ts:29:5 › publisher examples independently check unrounded chemistry with its supplied constants (0ms)
  ✓  624 tests/molar-concentration.unit.spec.ts:38:5 › homogeneous sampling retains concentration whereas dilution retains amount (2ms)
  ✓  625 tests/molar-concentration.unit.spec.ts:51:5 › invalid units, undefined divisions and nonfinite input reject rather than giving plausible answers (4ms)
  ✓  626 tests/molar-concentration.unit.spec.ts:69:5 › every selectable record has reachable correct predictions and exact saved-board domains (12ms)
  ✓  627 tests/molar-dilution-asset.unit.spec.ts:4:5 › actual dilution geometry conserves separately identified ions and doubles solution volume (14ms)
  ✓  628 tests/molar-dilution-asset.unit.spec.ts:39:5 › no-water geometry keeps final solution volume and concentration unchanged (1ms)
  ✓  629 tests/molecular-properties.unit.spec.ts:10:5 › physical separation preserves four neutral diatomic molecules and their bonds, without charge carriers (2ms)
  ✓  630 tests/molecular-properties.unit.spec.ts:23:5 › similar-family supplied boiling temperatures preserve signed ordering and differences (0ms)
  ✓  631 tests/molecular-properties.unit.spec.ts:32:5 › each authored molecular property task has a correct reference or explicitly self-reviewed written demand (16ms)
  ✓  632 tests/molecular-properties.unit.spec.ts:46:5 › saved molecular predictions reject malformed fields and preserve wrong single operations (4ms)
  ✓  633 tests/molecular-writing.unit.spec.ts:12:5 › molecular corrections preserve original identities, forms and saved positions while reserving full causal writing (2ms)
  ✓  634 tests/molecular-writing.unit.spec.ts:31:5 › full molecular explanations are manual, preserve force distinctions and qualify the supplied comparisons (3ms)
  ✓  635 tests/molecular-writing.unit.spec.ts:41:5 › helped equivalent property reasoning remains exposed with direct symmetric links (31ms)
  ✓  636 tests/moles.unit.spec.ts:29:5 › units and molar mass connect mass amount and stated population (3ms)
  ✓  637 tests/moles.unit.spec.ts:46:5 › all selectable sample conversions preserve mass unit and require both correct molar mass and amount (12ms)
  ✓  638 tests/moles.unit.spec.ts:94:5 › entity labels standard-form normalization and constituent counts remain scientifically distinct (9ms)
  ✓  639 tests/moles.unit.spec.ts:155:5 › 49 individual task references preserve named entity working and written responses stay self-reviewed (12ms)
  ✓  640 tests/moles.unit.spec.ts:188:5 › refocused Higher route retains all six legacy identities and strict saved predictions (8ms)
  ✓  641 tests/moles.unit.spec.ts:219:5 › fractional transfer retains sensible three-significant-figure approximation without accepting a shifted result (1ms)
  ✓  642 tests/nano-writing.unit.spec.ts:13:5 › nanoparticle additions preserve original forms, task positions and raw drafts (2ms)
  ✓  643 tests/nano-writing.unit.spec.ts:37:5 › independent footprint areas use squared units and reject incomplete or malformed constructions (4ms)
  ✓  644 tests/nano-writing.unit.spec.ts:62:5 › ethical judgements and perceived-risk writing never receive an automatic examiner mark; equivalent help remains exposed (137ms)
  ✓  645 tests/nanoparticles.unit.spec.ts:16:5 › real subdivision coordinates conserve material and exclude contacting internal faces from exposed area (18ms)
  ✓  646 tests/nanoparticles.unit.spec.ts:53:5 › all model modes retain strict typed fields and reject partial causal predictions (5ms)
  ✓  647 tests/nanoparticles.unit.spec.ts:122:5 › forty-eight individually authored tasks retain original preliminary bank and separate-chemistry scope (27ms)
  ✓  648 tests/nanoparticles.unit.spec.ts:159:5 › simplified numerical ratio rejects unsimplified equivalents and missing values (3ms)
  ✓  649 tests/nanotube-writing.unit.spec.ts:13:5 › nanotube corrections preserve original identities, forms and saved positions while reserving full causal writing (2ms)
  ✓  650 tests/nanotube-writing.unit.spec.ts:32:5 › nanotube writing separates carriers, reinforcement and supplied design evidence (2ms)
  ✓  651 tests/nanotube-writing.unit.spec.ts:48:5 › helped nanotube equivalents retain reciprocal exposure (259ms)
  ✓  609 tests/metallic-asset.unit.spec.ts:4:5 › metallic depth, layer displacement and drift conserve charge and keep electron/core glyphs separate (2.0s)
  ✓  652 tests/nanotubes.unit.spec.ts:12:5 › rolled honeycomb independently joins the seam, has no axis atom and preserves three neighbours at interior sites (48ms)
  ✓  654 tests/nanotubes.unit.spec.ts:68:5 › ratio predictions cover common-unit changes and reject inverted or multiplied ratios (5ms)
  ✓  655 tests/nanotubes.unit.spec.ts:97:5 › complete causal predictions separate wall bonds, material criteria and mobile electrical carriers (2ms)
  ✓  653 tests/natural-polymers.unit.spec.ts:30:5 › the individually authored lesson has complete recovery routes and common-tier reserved forms (78ms)
  ✓  656 tests/nanotubes.unit.spec.ts:150:5 › all forty-nine nanotube tasks have reviewed references, honest writing and retained single-field predictions (68ms)
  ✓  658 tests/neutralisation-asset.unit.spec.ts:4:5 › actual hydrated transfer retains8 atomic identities and unchanged separate spectators (5ms)
  ✓  659 tests/neutralisation-asset.unit.spec.ts:48:5 › before hydrated proton is pyramidal and after both real water molecules are bent104.5degrees (3ms)
  ✓  657 tests/natural-polymers.unit.spec.ts:59:5 › all supplied cases survive main adapters and original-case strict histories (84ms)
  ✓  661 tests/natural-polymers.unit.spec.ts:84:5 › literal finite-chain inventories retain end groups and subtract one water per actual junction (6ms)
  ✓  660 tests/neutralisation-asset.unit.spec.ts:88:5 › four angles retain projected species separation and frame containment with genuinely deep sphere geometry (25ms)
  ✓  662 tests/natural-polymers.unit.spec.ts:101:5 › repeat-unit choices preserve different original carbon sections without pretending finite ends are repeats (9ms)
  ✓  663 tests/neutralisation-asset.unit.spec.ts:116:5 › individual constituent atoms remain separated in front and quarter projections (13ms)
  ✓  664 tests/natural-polymers.unit.spec.ts:128:5 › single-purpose model feedback only assesses the requested quantity (1ms)
  ✓  665 tests/natural-polymers.unit.spec.ts:142:5 › blank, malformed and valid wrong drawings retain distinct honest review states (2ms)
  ✓  666 tests/oxygen-redox-content.unit.spec.ts:4:5 › one authored lesson has47 unique tasks, cold forms and conservative written responses (4ms)
  ✓  667 tests/natural-polymers.unit.spec.ts:164:5 › partial decimal and exponent entries remain wrong without losing their original bytes (3ms)
  ✓  668 tests/oxygen-redox-content.unit.spec.ts:17:5 › numerical atoms and boundary quantities independently recompute (4ms)
  ✓  670 tests/oxygen-redox-content.unit.spec.ts:42:5 › scope keeps boundary, ionic solid, agent, model limits and electron teaching explicit (1ms)
  ✓  671 tests/oxygen-redox-integration.unit.spec.ts:7:5 › Foundation oxygen redox keeps all original bank identities and strict canonical saved native history (5ms)
  ✓  672 tests/oxygen-redox-integration.unit.spec.ts:38:5 › oxygen counter saves only one-atom operations while record changes retain predictions (1ms)
  ✓  673 tests/oxygen-redox.unit.spec.ts:11:5 › all given chemical records have reachable answers, with every wrong prediction retained as wrong (32ms)
  ✓  674 tests/oxygen-redox.unit.spec.ts:31:5 › oxygen moves between substances, carbon products and complete equation counts remain specific (1ms)
  ✓  675 tests/oxygen-redox.unit.spec.ts:52:5 › sample mass change and sealed total mass are different quantities (1ms)
  ✓  676 tests/oxygen-redox.unit.spec.ts:64:5 › oxygen-only criteria do not confuse neutralisation, identification, and broader electron-redox (0ms)
  ✓  677 tests/oxygen-redox.unit.spec.ts:75:5 › strict saved boards reject coercion, extra keys, missing predictions and invented records (1ms)
  ✓  678 tests/oxygen-transfer-asset.unit.spec.ts:4:5 › real geometry preserves Cu2 C1 O2 identities and charge without inventing CuO molecules (4ms)
  ✓  679 tests/oxygen-transfer-asset.unit.spec.ts:52:5 › actual carbon dioxide is linear with two double bonds and real three-dimensional atoms (2ms)
  ✓  669 tests/natural-polymers.unit.spec.ts:175:5 › direct exposure links cover diagram recognition, both type forms and retained construction without transitive closure (119ms)
  ✓  681 tests/natural-polymers.unit.spec.ts:211:5 › the independent amino-acid repeat uses an actual blank-start structure rather than an explanation input (1ms)
  ✓  680 tests/oxygen-transfer-asset.unit.spec.ts:81:5 › at front quarter and reverse views each substance remains separated in projected x (10ms)
  ✓  682 tests/percentage-composition.unit.spec.ts:16:5 › complete chemical contributions differ from atom fractions and preserve unrounded composition totals (5ms)
  ✓  684 tests/percentage-composition.unit.spec.ts:46:5 › strict complete predictions reject atom-count bases missing named atoms and changing pure composition (6ms)
  ✓  683 tests/pathways.unit.spec.ts:40:5 › 103 original demands preserve eighteen literal numbers, complete groups and precise recovery entry points (25ms)
  ✓  685 tests/percentage-composition.unit.spec.ts:135:5 › forty-nine original tasks separate chemical working rounding scaling and ungraded explanations (23ms)
  ✓  687 tests/percentage-composition.unit.spec.ts:165:5 › independent working rejects omitted oxygen while final percentage checks actual requested precision (1ms)
  ✓  688 tests/percentage-yield.unit.spec.ts:12:5 › same-product same-unit fraction distinguishes yield from loss and retains suspect excess (2ms)
  ✓  689 tests/percentage-yield.unit.spec.ts:25:5 › forward and reverse yield use the theoretical denominator and preserve g/kg requests (1ms)
  ✓  690 tests/percentage-yield.unit.spec.ts:34:5 › all unrecovered formed product remains in total inventory and native fields require all predictions (4ms)
  ✓  691 tests/percentage-yield.unit.spec.ts:69:5 › 48 original references and all stated misconceptions require correct product bases; explanations remain false (11ms)
  ✓  692 tests/percentage-yield.unit.spec.ts:98:5 › all supplied native variants retain exact units and require every intermediate prediction (5ms)
  ✓  693 tests/percentage-yield.unit.spec.ts:156:5 › reserved numerical references agree with independently calculated product inventories and supplied inputs (5ms)
  ✓  694 tests/percentage-yield.unit.spec.ts:212:5 › Foundation separate journey retains all six legacy identities, strict persisted recovery counts and conservative aliases (7ms)
  ✓  695 tests/periodic-development-writing.unit.spec.ts:19:5 › old historical forms, learning positions and malformed written work remain resumable (1ms)
  ✓  696 tests/periodic-development-writing.unit.spec.ts:70:5 › matching and conflicting discoveries justify different conclusions and cannot permanently prove a table (2ms)
  ✓  686 tests/pathways.unit.spec.ts:78:5 › 54 supplied native cases retain exact schemas and use the main saved-model adapters (130ms)
  ✓  697 tests/periodic-development-writing.unit.spec.ts:97:5 › historical and isotope writing is manual and helped equivalent demands remain exposed (68ms)
  ✓  699 tests/periodic-development.unit.spec.ts:12:5 › a property conflict is preserved until the student leaves a gap, with validated resumable evidence (2ms)
  ✓  700 tests/periodic-development.unit.spec.ts:33:5 › 38 individually authored historical tasks distinguish weight, properties, predictions and isotope averages (22ms)
  ✓  701 tests/periodic-position-writing.unit.spec.ts:12:5 › original periodic forms and stored multipart/practice positions remain compatible (1ms)
  ✓  698 tests/pathways.unit.spec.ts:103:5 › one-field saved transitions, undo and explicit same-case resets preserve history without accepting skipped states (120ms)
  ✓  702 tests/periodic-position-writing.unit.spec.ts:41:5 › constructed explanations stay manual, while explicit group and period fields still check the actual numbers (8ms)
  ✓  703 tests/pathways.unit.spec.ts:125:5 › blank site and latent OH choices add no invented atoms; an actual wrong site is kept and rejected (3ms)
  ✓  705 tests/pathways.unit.spec.ts:153:5 › 23 references preserve complete inventories; hydration only permits the stated or equivalent landing sites (15ms)
  ✓  704 tests/periodic-position-writing.unit.spec.ts:57:5 › equivalent helped reasoning stays exposed and boundary criteria allow a justified uncertain prediction (52ms)
  ✓  707 tests/periodic-table.unit.spec.ts:13:5 › first-20 main-group positions follow independently known rows, including helium and the fourth period (5ms)
  ✓  708 tests/periodic-table.unit.spec.ts:42:5 › proposed placement distinguishes outer count from shell count and keeps wrong choices unchanged (1ms)
  ✓  709 tests/periodic-table.unit.spec.ts:60:5 › all 48 reviewed tasks preserve their alternatives, reserved forms and written self-review (22ms)
  ✓  710 tests/periodic-table.unit.spec.ts:94:5 › placement and main-group ion formation resume while simultaneous placement changes are rejected (2ms)
  ✓  711 tests/ph-content.unit.spec.ts:5:5 › 49 individually authored Foundation tasks retain two changed cold forms, delayed retrieval and six self-reviewed explanations (13ms)
  ✓  712 tests/ph-content.unit.spec.ts:42:5 › eleven numeric demands independently read supplied neutral rows, endpoints and approximate intervals (3ms)
  ✓  713 tests/ph-content.unit.spec.ts:70:5 › static reserved and delayed curves remain chemically plausible and graph quantities do not swap units (3ms)
  ✓  714 tests/ph-evidence.unit.spec.ts:12:5 › all31 individually selected records have reachable correct predictions without accepting wrong claims (37ms)
  ✓  715 tests/ph-evidence.unit.spec.ts:34:5 › decimal boundaries, usual endpoints and neutral ions remain distinct (1ms)
  ✓  716 tests/ph-evidence.unit.spec.ts:55:5 › universal colour estimates accept each supplied band without implying exact numerical precision (24ms)
  ✓  717 tests/ph-evidence.unit.spec.ts:72:5 › named indicators do not all turn green or change at neutrality (1ms)
  ✓  718 tests/ph-evidence.unit.spec.ts:93:5 › original solution and powder observations agree with independent one-decimal chemical references (4ms)
  ✓  719 tests/ph-evidence.unit.spec.ts:120:5 › canonical boards reject coercion, unknown fields, invalid markers and unsupported choices (1ms)
  ✓  720 tests/ph-integration.unit.spec.ts:6:5 › new Foundation pH route preserves Higher acid-strength route and all532 original identities (4ms)
  ✓  721 tests/ph-integration.unit.spec.ts:40:5 › colour guess and observation histories move one step, retain mistakes and atomically reset every field (1ms)
  ✓  722 tests/ph-probe-asset.unit.spec.ts:4:5 › actual macro reference has an immersed tip, clear liquid and open thick-walled beaker, with no atomic-particle metadata (12ms)
  ✓  723 tests/ph-probe-asset.unit.spec.ts:35:5 › actual seven-segment strokes encode supplied readings, have real depth and sit in front of the display face (36ms)
  ✓  724 tests/ph-probe-asset.unit.spec.ts:61:5 › unsupported readings cannot silently generate a different pH display (3ms)
  ✓  725 tests/pollution.unit.spec.ts:30:5 › one authored lesson has84 tasks, six modes,20 reachable records and targeted recovery (20ms)
  ✓  726 tests/pollution.unit.spec.ts:65:5 › fixed record proposals are checkable; every altered field retains wrong work and immutable sources (59ms)
  ✓  727 tests/pollution.unit.spec.ts:93:5 › saved schema/history rejects foreign sources, extra keys, substituted fields and automatic repairs (1ms)
  ✓  728 tests/pollution.unit.spec.ts:120:5 › atom conservation uses fixed formulae, all positive integer multiples and meaningful independent smallest coefficients (10ms)
  ✓  729 tests/pollution.unit.spec.ts:172:5 › product possibilities distinguish complete, mixed incomplete, supplied elements and very hot air (1ms)
  ✓  730 tests/pollution.unit.spec.ts:213:5 › fuel and monitoring quantities are recomputed from immutable supplied values (20ms)
  ✓  731 tests/pollution.unit.spec.ts:286:5 › explanations remain honest self-review and include explicit reference responses (14ms)
  ✓  706 tests/pathways.unit.spec.ts:185:5 › 46 genuine geometries conserve atoms and valid local bond angles without nonbonded sphere intersections (1.2s)
  ✓  733 tests/pathways.unit.spec.ts:238:5 › reported reactor conversion and literal zero differ from maximum feed and unfinished input (2ms)
  ✓  734 tests/pathways.unit.spec.ts:263:5 › independent drawings start from no carbons, retain malformed bytes and never award an examiner mark (16ms)
  ✓  735 tests/pathways.unit.spec.ts:293:5 › both-tier route scope, genuinely separate cold/delayed sets and direct exposure survive integration (3ms)
  ✓  736 tests/pathways.unit.spec.ts:316:5 › earlier drawn products and route/test questions retain direct exposure without unrelated mass propagation (2ms)
  ✓  737 tests/polymer-structures.unit.spec.ts:15:5 › whole-repeat growth has exact C2H4 contribution and genuinely tetrahedral interior carbon with singly bonded hydrogens (39ms)
  ✓  738 tests/polymer-structures.unit.spec.ts:70:5 › strict saved prediction fields require complete causal choices and one whole-unit or spacing step (4ms)
  ✓  739 tests/polymer-structures.unit.spec.ts:154:5 › independent repeat construction rejects monomer bonds missing continuation uppercase marker and malformed saved choices (3ms)
  ✓  740 tests/polymer-structures.unit.spec.ts:186:5 › all fifty polymer tasks have reviewed references and conservative repeated-fact exposure (45ms)
  ✓  741 tests/polymer-writing.unit.spec.ts:13:5 › polymer corrections preserve original identities, forms and saved positions while reserving full causal writing (2ms)
  ✓  742 tests/polymer-writing.unit.spec.ts:32:5 › polymer writing retains physical-change and representation distinctions (1ms)
  ✓  732 tests/pollution.unit.spec.ts:299:5 › semantic exposure is reciprocal and transitive across legacy tasks without exposing fresh inventories (1.1s)
  ✓  744 tests/pollution.unit.spec.ts:325:5 › chemical formula labels preserve molecular grouping without inserted spaces (10ms)
  ✓  745 tests/polymerisation.unit.spec.ts:40:5 › 91 individual demands retain literal numerical references and honest independent drawing review (23ms)
  ✓  746 tests/polymerisation.unit.spec.ts:104:7 › addition: every supplied record preserves exact schema, blank initial response and its scientific answer (20ms)
  ✓  747 tests/polymerisation.unit.spec.ts:104:7 › reverse: every supplied record preserves exact schema, blank initial response and its scientific answer (15ms)
  ✓  748 tests/polymerisation.unit.spec.ts:104:7 › segment: every supplied record preserves exact schema, blank initial response and its scientific answer (10ms)
  ✓  749 tests/polymerisation.unit.spec.ts:104:7 › inventory: every supplied record preserves exact schema, blank initial response and its scientific answer (12ms)
  ✓  750 tests/polymerisation.unit.spec.ts:104:7 › ester: every supplied record preserves exact schema, blank initial response and its scientific answer (11ms)
  ✓  751 tests/polymerisation.unit.spec.ts:104:7 › links: every supplied record preserves exact schema, blank initial response and its scientific answer (8ms)
  ✓  752 tests/polymerisation.unit.spec.ts:104:7 › polyester: every supplied record preserves exact schema, blank initial response and its scientific answer (13ms)
  ✓  753 tests/polymerisation.unit.spec.ts:126:5 › actual chains of two to four contributions conserve literal atoms, connections and local carbon valence (143ms)
  ✓  754 tests/polymerisation.unit.spec.ts:184:5 › raw numeric attempts and crop changes survive valid one-step history without exponent masquerading as zero (6ms)
  ✓  755 tests/polymerisation.unit.spec.ts:209:5 › finite-link evidence is independently traversed; polyester retains both carbonyls and both alcohol oxygens (5ms)
  ✓  756 tests/polymerisation.unit.spec.ts:245:5 › every practice task has reviewed recovery, unique group placement and cold Foundation scope (51ms)
  ✓  757 tests/production-pathways-content.unit.spec.ts:5:5 › 49 individually authored tasks cover distinct comparisons and never machine-mark written justification (26ms)
  ✓  758 tests/production-pathways-content.unit.spec.ts:41:5 › every numeric and multipart answer has an independently calculated quantity reference (18ms)
  ✓  759 tests/production-pathways-content.unit.spec.ts:93:5 › Higher separate route retains original identities and strict canonical histories for all five comparisons (6ms)
  ✓  760 tests/production-pathways.unit.spec.ts:14:5 › same-charge actual collection compares constructed products rather than greatest atom economy (2ms)
  ✓  761 tests/production-pathways.unit.spec.ts:45:5 › throughput uses full comparable batch time and scaling both quantities preserves rate (19ms)
  ✓  762 tests/production-pathways.unit.spec.ts:68:5 › buyer-limited co-product credit preserves disposal and does not redefine desired product atom economy (1ms)
  ✓  763 tests/production-pathways.unit.spec.ts:120:5 › equilibrium percentage and actual rate remain distinct and catalyst preserves stated equilibrium (1ms)
  ✓  764 tests/production-pathways.unit.spec.ts:158:5 › constraints precede objective and ties remain explicit rather than an invented universal score (2ms)
  ✓  765 tests/production-pathways.unit.spec.ts:194:5 › invalid denominators, physical quantities and unsupported sales are rejected (5ms)
  ✓  766 tests/production-pathways.unit.spec.ts:217:5 › every prediction requires all meaningful fields and strict string histories (4ms)
  ✓  767 tests/profile-content.unit.spec.ts:20:5 › 50 individual tasks retain shared Foundation scope and all six original IDs (12ms)
  ✓  768 tests/profile-content.unit.spec.ts:40:5 › 15 numeric answers independently match labelled energy gaps and construction references (4ms)
  ✓  769 tests/profile-content.unit.spec.ts:69:5 › four independent drawing answers jointly mark levels, curved maximum and both arrows without autograding seven explanations (5ms)
  ✓  770 tests/profile-content.unit.spec.ts:89:5 › five supplied diagram stimuli independently imply the correct signed, magnitude or activation quantity (2ms)
  ✓  771 tests/profile-content.unit.spec.ts:103:5 › task-matched histories survive decoding and invented two-step counter jumps do not (1ms)
  ✓  772 tests/profile-content.unit.spec.ts:115:5 › legacy definitions, equivalent release calculations and repeated explanations share global exposure (7ms)
  ✓  773 tests/purity-separation.unit.spec.ts:47:5 › one reviewed lesson has complete routes and reserved cold forms (11ms)
  ✓  774 tests/purity-separation.unit.spec.ts:69:5 › 40 immutable source cases round-trip through actual app model adapters (35ms)
  ✓  775 tests/purity-separation.unit.spec.ts:87:5 › wet product fraction and recovery use independently supplied denominators (4ms)
  ✓  776 tests/purity-separation.unit.spec.ts:111:5 › damp, partial-dissolution and wash inputs conserve stated salt and water (1ms)
  ✓  777 tests/purity-separation.unit.spec.ts:130:5 › ordinary decimals preserve unfinished and signed wrong proposals without snapping (1ms)
  ✓  778 tests/purity-separation.unit.spec.ts:149:5 › focused checks do not fill or require hidden answer quantities (1ms)
  ✓  779 tests/purity-separation.unit.spec.ts:176:5 › supplied formulation ratios are simplest and ordered rather than just equivalent (2ms)
  ✓  780 tests/purity-separation.unit.spec.ts:201:5 › all six fixed-source drawings start blank and never receive automatic examiner marks (7ms)
  ✓  743 tests/polymer-writing.unit.spec.ts:41:5 › helped polymer physical and representation equivalents retain reciprocal exposure (1.0s)
  ✓  781 tests/purity-separation.unit.spec.ts:229:5 › direct exposure aliases cannot spread by transitive closure (10ms)
  ✓  782 tests/purity-separation.unit.spec.ts:246:5 › conditional salt complements follow a wrong proposal without mutating raw fields (1ms)
  ✓  783 tests/rates-practical.unit.spec.ts:39:7 › plan: all six individual comparisons preserve correct and wrong constructed evidence through native strict histories (21ms)
  ✓  785 tests/rates-practical.unit.spec.ts:39:7 › apparatus: all six individual comparisons preserve correct and wrong constructed evidence through native strict histories (22ms)
  ✓  786 tests/rates-practical.unit.spec.ts:39:7 › dilution: all six individual comparisons preserve correct and wrong constructed evidence through native strict histories (21ms)
  ✓  787 tests/rates-practical.unit.spec.ts:39:7 › endpoint: all six individual comparisons preserve correct and wrong constructed evidence through native strict histories (24ms)
  ✓  788 tests/rates-practical.unit.spec.ts:39:7 › plot: all six individual comparisons preserve correct and wrong constructed evidence through native strict histories (48ms)
  ✓  789 tests/rates-practical.unit.spec.ts:39:7 › repeats: all six individual comparisons preserve correct and wrong constructed evidence through native strict histories (13ms)
  ✓  790 tests/rates-practical.unit.spec.ts:72:5 › canonical saved boards reject coercion, extra fields, unknown records and incomplete numerical entries (6ms)
  ✓  791 tests/rates-practical.unit.spec.ts:93:5 › history permits one coordinate construction or a pristine record reset, rejects unrelated simultaneous edits (2ms)
  ✓  792 tests/rates-practical.unit.spec.ts:117:5 › all dilution totals, endpoint bounds and repeats are scientifically distinct and conserve declared quantities (5ms)
  ✓  793 tests/rates-practical.unit.spec.ts:137:5 › fit previews preserve original points, constrain interpolation within each interval and refuse duplicate coordinates (173ms)
  ✓  794 tests/rates-practical.unit.spec.ts:168:5 › real apparatus assets connect a flask tubing and syringe with a supplied piston reading and correct solid identity (14ms)
  ✓  795 tests/rates-practical.unit.spec.ts:210:5 › all71 tasks use audited references, honest writing, direct recovery and distinct reserved stems (46ms)
  ✓  796 tests/rates-practical.unit.spec.ts:281:5 › existing six legacy questions remain and exposure is explicit direct topic-relevant families (3ms)
  ✓  797 tests/reacting-masses.unit.spec.ts:24:5 › independent exam methods give the same required reactant and decomposition product (3ms)
  ✓  798 tests/reacting-masses.unit.spec.ts:41:5 › every selectable scenario has correct supported working and retains plausible coefficient-as-mass mistakes (10ms)
  ✓  799 tests/reacting-masses.unit.spec.ts:107:5 › ammonia geometry contains actual conserved atoms and correct bond orders on separate sides (2ms)
  ✓  800 tests/reacting-masses.unit.spec.ts:132:5 › 47 individually authored task answers are consistent and written explanations remain self-reviewed (9ms)
  ✓  801 tests/reacting-masses.unit.spec.ts:147:5 › new Higher route keeps strict saved numeric types and conservative legacy exposure (6ms)
  ✓  802 tests/reaction-profiles.unit.spec.ts:19:5 › all30 profile scenarios have strict canonical fields and task-matched defaults (13ms)
  ✓  803 tests/reaction-profiles.unit.spec.ts:37:5 › supplied differences independently match forward barrier, signed change and release magnitude (3ms)
  ✓  804 tests/reaction-profiles.unit.spec.ts:65:5 › source-based construction derives peak from reactants and product level from transfer direction (3ms)
  ✓  805 tests/reaction-profiles.unit.spec.ts:87:5 › actual curve samples have flat plateaus, exact central maximum, finite heights and smooth joins (53ms)
  ✓  806 tests/reaction-profiles.unit.spec.ts:118:5 › a changed zero reference or horizontal width cannot alter energy differences (3ms)
  ✓  807 tests/reaction-profiles.unit.spec.ts:132:5 › arrows reject absolute peak and product-to-peak substitutes and reversed overall direction (10ms)
  ✓  808 tests/reaction-profiles.unit.spec.ts:154:5 › catalyst accepts different valid lower peaks while rejecting changed endpoints or maxima below either plateau (108ms)
  ✓  809 tests/reaction-profiles.unit.spec.ts:173:5 › all9 profile-evidence scenarios reject each unsupported claim and reason (46ms)
  ✓  810 tests/reaction-profiles.unit.spec.ts:187:5 › histories preserve one5-kJ construction move or numeric prediction and atomically reset supplied scenario fields (2ms)
  ✓  811 tests/reaction-profiles.unit.spec.ts:213:5 › independent drawing data retains invalid entries without marking or inventing a curve (2ms)
  ✓  812 tests/reaction-profiles.unit.spec.ts:235:5 › independent construction marks all levels and both arrow spans, accepts equivalent numeric notation and rejects each wrong or missing field (2ms)
  ✓  813 tests/reaction-rates-asset.unit.spec.ts:7:5 › actual balance/flask geometry verifies contact, porous egress, sealed gas confinement and independent display segments (484ms)
  ✓  814 tests/reaction-rates.unit.spec.ts:40:7 › interval: every supplied case preserves wrong entries and every required prediction is independently necessary (29ms)
  ✓  815 tests/reaction-rates.unit.spec.ts:40:7 › mass: every supplied case preserves wrong entries and every required prediction is independently necessary (24ms)
  ✓  816 tests/reaction-rates.unit.spec.ts:40:7 › plot: every supplied case preserves wrong entries and every required prediction is independently necessary (59ms)
  ✓  817 tests/reaction-rates.unit.spec.ts:40:7 › trend: every supplied case preserves wrong entries and every required prediction is independently necessary (19ms)
  ✓  818 tests/reaction-rates.unit.spec.ts:40:7 › compare: every supplied case preserves wrong entries and every required prediction is independently necessary (16ms)
  ✓  819 tests/reaction-rates.unit.spec.ts:40:7 › evidence: every supplied case preserves wrong entries and every required prediction is independently necessary (11ms)
  ✓  820 tests/reaction-rates.unit.spec.ts:74:5 › independent interval arithmetic includes positive consumption and final requested rounding (11ms)
  ✓  821 tests/reaction-rates.unit.spec.ts:108:5 › smooth preview preserves entered knots without overshoot or silently replacing anomalous observations (242ms)
  ✓  822 tests/reaction-rates.unit.spec.ts:130:5 › graph pointer edits serialize as two valid adjacent field steps, and saved drawing preserves invalid raw coordinates (1ms)
  ✓  823 tests/reaction-rates.unit.spec.ts:157:5 › 74 individual tasks mark coherently, preserve all recovery targets and keep every construction self-reviewed (15ms)
  ✓  824 tests/reaction-rates.unit.spec.ts:181:5 › strict schema rejects malformed decimals, changed record working and duplicate steps (2ms)
  ✓  825 tests/reaction-rates.unit.spec.ts:210:5 › all33 numerical answers are independently recomputed from the actually given quantities and intervals (4ms)
  ✓  826 tests/reactivity-writing.unit.spec.ts:13:5 › metal additions preserve original forms positions and raw written drafts (1ms)
  ✓  827 tests/reactivity-writing.unit.spec.ts:34:5 › reaction reference covers the actual eight metals and supplied independent placements are literal comparisons (1ms)
  ✓  828 tests/reactivity-writing.unit.spec.ts:56:5 › full reaction and investigation writing stays manual and corresponding help remains exposed (16ms)
  ✓  829 tests/relative-atomic-mass.unit.spec.ts:13:5 › weighted means preserve range, shift toward the abundant isotope and accept counts or percentages (2ms)
  ✓  830 tests/relative-atomic-mass.unit.spec.ts:27:5 › all 37 original tasks and cold forms retain correct alternatives and honest written review (14ms)
  ✓  831 tests/relative-atomic-mass.unit.spec.ts:59:5 › individually supplied tables agree with independent weighted calculations and rounding (1ms)
  ✓  832 tests/relative-atomic-mass.unit.spec.ts:79:5 › rounding requires the specified precision and retains necessary zeros (1ms)
  ✓  833 tests/relative-atomic-mass.unit.spec.ts:91:5 › mixture histories alter only abundance and resume without changing isotope masses (3ms)
  ✓  834 tests/reversible-reactions.unit.spec.ts:102:7 › direction: six native records require scientifically complete predictions and accept wrong saved answers (7ms)
  ✓  835 tests/reversible-reactions.unit.spec.ts:102:7 › energy: six native records require scientifically complete predictions and accept wrong saved answers (6ms)
  ✓  836 tests/reversible-reactions.unit.spec.ts:102:7 › turnover: six native records require scientifically complete predictions and accept wrong saved answers (7ms)
  ✓  837 tests/reversible-reactions.unit.spec.ts:102:7 › rates: six native records require scientifically complete predictions and accept wrong saved answers (6ms)
  ✓  838 tests/reversible-reactions.unit.spec.ts:102:7 › boundary: six native records require scientifically complete predictions and accept wrong saved answers (5ms)
  ✓  839 tests/reversible-reactions.unit.spec.ts:102:7 › evidence: six native records require scientifically complete predictions and accept wrong saved answers (6ms)
  ✓  840 tests/reversible-reactions.unit.spec.ts:141:5 › strict canonical fields reject coercion unknown cases and unfinished number entries (4ms)
  ✓  841 tests/reversible-reactions.unit.spec.ts:167:5 › atomic case reset is order-independent and step history cannot invent skipped intervals (3ms)
  ✓  842 tests/reversible-reactions.unit.spec.ts:190:5 › numbered tokens conserve material while equal positive rates preserve unequal inventories (14ms)
  ✓  843 tests/reversible-reactions.unit.spec.ts:214:5 › closed amount changes match displayed directional-rate interval areas; equal amounts and open plateaus are insufficient (8ms)
  ✓  844 tests/reversible-reactions.unit.spec.ts:244:5 › all original tasks have audited numeric answers and written self-review; recovery and independent givens remain honest (35ms)
  ✓  845 tests/reversible-reactions.unit.spec.ts:305:5 › original six question IDs survive and direct exposure connects native criteria and prior catalyst learning (3ms)
  ✓  846 tests/science.unit.spec.ts:20:5 › atom identity, isotope and charge stay distinct (1ms)
  ✓  847 tests/science.unit.spec.ts:30:5 › water balancing conserves both elements and enforces smallest ratio (1ms)
  ✓  848 tests/science.unit.spec.ts:41:5 › catalyst lowers valid barriers without changing thermodynamics (3ms)
  ✓  849 tests/science.unit.spec.ts:54:5 › organic representative formulae distinguish saturation and functional groups (0ms)
  ✓  850 tests/science.unit.spec.ts:60:5 › Haber direction depends on condition, not an invented combined numerical law (1ms)
  ✓  851 tests/science.unit.spec.ts:66:5 › Rf is dimensionless and bounded by the solvent front (0ms)
  ✓  852 tests/science.unit.spec.ts:72:5 › numeric parsing accepts signed, fractional and scientific forms but not unsafe syntax (1ms)
  ✓  853 tests/science.unit.spec.ts:88:5 › marking rejects missing, malformed and wrong answers with actionable feedback (0ms)
  ✓  854 tests/science.unit.spec.ts:96:5 › authored numerical examples agree with independent chemistry calculations (1ms)
  ✓  855 tests/science.unit.spec.ts:105:5 › curriculum routes, question ids and answer choices are complete and unique (369ms)
  ✓  856 tests/science.unit.spec.ts:177:5 › every topic has teaching and separate reserved diagnostic questions (4ms)
  ✓  857 tests/science.unit.spec.ts:186:5 › progress decoder rejects corrupt envelopes, invalid responses and future versions (1ms)
  ✓  858 tests/science.unit.spec.ts:201:5 › review due date uses real elapsed time and remains due through an active review (0ms)
  ✓  859 tests/science.unit.spec.ts:233:5 › invalid saved model states and incomplete submitted runs are preserved as unreadable (1ms)
  ✓  860 tests/science.unit.spec.ts:279:5 › overview uses diagnostic responses without implying grade or prerequisite mastery (2ms)
  ✓  861 tests/separation.unit.spec.ts:25:5 › individual investigation has distinct stages, reserved forms, legacy identities and specific recoveries (13ms)
  ✓  862 tests/separation.unit.spec.ts:54:5 › all supplied original records validate correct single-edit construction and preserve wrong choices (26ms)
  ✓  863 tests/separation.unit.spec.ts:87:5 › history is exact-schema, source-specific, blank-anchored and one operation per step (1ms)
  ✓  864 tests/separation.unit.spec.ts:134:5 › wet mass does not create salt and >100% remains an apparent calculation (3ms)
  ✓  865 tests/separation.unit.spec.ts:155:5 › independently evaluated arithmetic references use target, tare and the common origin (10ms)
  ✓  866 tests/separation.unit.spec.ts:187:5 › chemical distinctions and all choice misconceptions mark honestly; writing never becomes automatic correctness (33ms)
  ✓  867 tests/separation.unit.spec.ts:216:5 › a unit-converted repeat and earlier front/purity evidence cannot be counted as fresh (5ms)
  ✓  868 tests/separation.unit.spec.ts:244:5 › reserved ruler-ratio reporting checks both value and two significant figures (0ms)
  ✓  869 tests/shells.unit.spec.ts:19:5 › the first-20 ground states match independent tabulated arrangements, not universal capacities (4ms)
  ✓  870 tests/shells.unit.spec.ts:48:5 › arrangements accept comma/dot notation and empty outer guides while preserving order (3ms)
  ✓  871 tests/shells.unit.spec.ts:68:5 › placement diagnoses missing electrons separately from correct totals in wrong shells (2ms)
  ✓  872 tests/shells.unit.spec.ts:96:5 › the 34 individual tasks reserve forms, distinguish diagram demands and avoid false written marks (22ms)
  ✓  873 tests/shells.unit.spec.ts:136:5 › shell-placement work survives decoding and tampered budgets or jumps are preserved as unreadable (0ms)
  ✓  874 tests/soluble-salts-content.unit.spec.ts:4:5 › 49 authored demands reserve both independent forms, genuine retrieval and six written self-reviews (4ms)
  ✓  875 tests/soluble-salts-content.unit.spec.ts:17:5 › ten numeric answers independently scale supplied capacities and subtract only available salt (3ms)
  ✓  876 tests/soluble-salts-content.unit.spec.ts:39:5 › method explanations preserve logical sequence, named reagents and distinct impurity removal (2ms)
  ✓  877 tests/soluble-salts-integration.unit.spec.ts:7:5 › existing Foundation shared lesson retains532 legacy identities and canonical native saves (5ms)
  ✓  878 tests/soluble-salts-integration.unit.spec.ts:37:5 › practical stage advance requires its correct next prediction and never skips or reverses (1ms)
  ✓  879 tests/soluble-salts.unit.spec.ts:11:5 › all18 supplied records keep distinct physical fractions and reject every selectable wrong prediction (54ms)
  ✓  880 tests/soluble-salts.unit.spec.ts:35:5 › solubility controls route and dissolved impurities remain in the filtrate (1ms)
  ✓  881 tests/soluble-salts.unit.spec.ts:56:5 › cold capacities scale with retained water without creating crystals or solute (1ms)
  ✓  882 tests/soluble-salts.unit.spec.ts:71:5 › sequence stages identify next action and malformed states never enter saved work (2ms)
  ✓  784 tests/purity-separation.unit.spec.ts:259:5 › real cutaway apparatus has finite connected geometry and retains wrong material masses (3.0s)
  ✓  884 tests/purity-separation.unit.spec.ts:284:5 › reading uncertainty is supplied separately from resolution when an interval matches a reference (0ms)
  ✓  885 tests/purity-separation.unit.spec.ts:292:5 › each delayed review is scheduled from the latest actual submission, including a previous review (1ms)
  ✓  886 tests/states-writing.unit.spec.ts:15:5 › Foundation excludes new Higher assessment demands without changing original learning positions or Higher forms (5ms)
  ✓  887 tests/states-writing.unit.spec.ts:36:5 › saved original and Higher responses remain raw and manually reviewed (5ms)
  ✓  888 tests/states-writing.unit.spec.ts:53:5 › helped sphere-model equivalents retain exposure while different energy and bulk demands remain authored (9ms)
  ✓  889 tests/tangent-rates.unit.spec.ts:54:7 › construct: native supplied cases preserve wrong scientific predictions and canonical histories (25ms)
  ✓  890 tests/tangent-rates.unit.spec.ts:54:7 › gradient: native supplied cases preserve wrong scientific predictions and canonical histories (22ms)
  ✓  891 tests/tangent-rates.unit.spec.ts:54:7 › moles: native supplied cases preserve wrong scientific predictions and canonical histories (22ms)
  ✓  892 tests/tangent-rates.unit.spec.ts:54:7 › calibration: native supplied cases preserve wrong scientific predictions and canonical histories (31ms)
  ✓  893 tests/tangent-rates.unit.spec.ts:54:7 › evidence: native supplied cases preserve wrong scientific predictions and canonical histories (10ms)
  ✓  894 tests/tangent-rates.unit.spec.ts:93:5 › constructed curves and tangents share actual contact and direction; alternative same-line endpoints remain valid (2ms)
  ✓  895 tests/tangent-rates.unit.spec.ts:132:5 › gradient triangles consistently subtract both coordinates and convert minute intervals only once (4ms)
  ✓  896 tests/tangent-rates.unit.spec.ts:146:5 › amount conversions and percentage-point calibrations use actual specified quantities and dimensions (3ms)
  ✓  897 tests/tangent-rates.unit.spec.ts:169:5 › strict saved schemas keep small signed decimals, reject invalid history and serialize pointer coordinates as adjacent field steps (3ms)
  ✓  898 tests/tangent-rates.unit.spec.ts:198:5 › native drawing records preserve invalid strings for explicit correction and never acquire automatic marks (1ms)
  ✓  883 tests/states-of-matter.unit.spec.ts:19:5 › all phases conserve twenty-four unique particle identities and radii while positions show vibration rearrangement and wide gas spacing (289ms)
  ✓  900 tests/states-of-matter.unit.spec.ts:94:5 › signed melting boiling intervals preserve both equality boundaries and reject invalid supplied data (2ms)
  ✓  901 tests/states-of-matter.unit.spec.ts:119:5 › complete causal predictions retain wrong state movement energy and identity with single-frame saved operations (5ms)
  ✓  899 tests/tangent-rates.unit.spec.ts:209:5 › 69 original tasks have honest assessment, targeted recovery and small-rate tolerances without modifying legacy bank identities (28ms)
  ✓  903 tests/tangent-rates.unit.spec.ts:259:5 › prior tangent and uncalibrated-signal work directly expose matching Higher procedures across lessons (6ms)
  ✓  904 tests/temperature-and-catalysts.unit.spec.ts:100:7 › heating: six supplied comparisons require correct predictions and retain scientific errors as valid saved states (7ms)
  ✓  905 tests/temperature-and-catalysts.unit.spec.ts:100:7 › threshold: six supplied comparisons require correct predictions and retain scientific errors as valid saved states (6ms)
  ✓  902 tests/states-of-matter.unit.spec.ts:218:5 › all forty-eight state tasks have reviewed references and Higher-only extension stays outside common reserved forms (42ms)
  ✓  907 tests/temperature-scatter.unit.spec.ts:13:5 › original temperature data support balanced straight fits and extrapolated initial estimates, with correct printed divisions (3ms)
  ✓  906 tests/temperature-and-catalysts.unit.spec.ts:100:7 › profile: six supplied comparisons require correct predictions and retain scientific errors as valid saved states (6ms)
  ✓  908 tests/temperature-scatter.unit.spec.ts:40:5 › blank, unreadable and wrong graph work is distinguished without awarding a graph or intercept mark (1ms)
  ✓  909 tests/temperature-and-catalysts.unit.spec.ts:100:7 › identification: six supplied comparisons require correct predictions and retain scientific errors as valid saved states (6ms)
  ✓  910 tests/temperature-scatter.unit.spec.ts:73:5 › the appended graph practice retains independent data, direct recovery, saved drafts and original sealed forms (4ms)
  ✓  911 tests/temperature-and-catalysts.unit.spec.ts:100:7 › comparison: six supplied comparisons require correct predictions and retain scientific errors as valid saved states (6ms)
GLTFExporter: Use MeshStandardMaterial or MeshBasicMaterial for best results.
GLTFExporter: Use MeshStandardMaterial or MeshBasicMaterial for best results.
  ✓  913 tests/temperature-and-catalysts.unit.spec.ts:100:7 › evidence: six supplied comparisons require correct predictions and retain scientific errors as valid saved states (6ms)
  ✓  912 tests/theoretical-inventory-asset.unit.spec.ts:15:5 › actual excess-hydrogen inventory conserves elements, intact unused molecule and binary geometry (11ms)
  ✓  915 tests/theoretical-yield.unit.spec.ts:14:5 › construct same-product theoretical maximum before yield and preserve excess-value warnings (2ms)
  ✓  916 tests/theoretical-yield.unit.spec.ts:29:5 › forward yield follows mol ratio and product molar mass rather than starting mass (1ms)
  ✓  914 tests/temperature-and-catalysts.unit.spec.ts:146:5 › strict decoder rejects missing, extra, coerced and unfinished fields while retaining ordinary wrong numbers (12ms)
  ✓  918 tests/temperature-and-catalysts.unit.spec.ts:175:5 › record changes atomically reset all fields; ordinary history steps change exactly one field (3ms)
  ✓  917 tests/theoretical-yield.unit.spec.ts:39:5 › reverse starting requirement recovers maximum before reversing coefficients (4ms)
  ✓  919 tests/temperature-and-catalysts.unit.spec.ts:195:5 › same encounter counts survive warming and pathway changes; equality meets the minimum without guaranteeing reaction (3ms)
  ✓  920 tests/theoretical-yield.unit.spec.ts:61:5 › compare possible products from both supplies without flooring fractional mol (2ms)
  ✓  921 tests/temperature-and-catalysts.unit.spec.ts:208:5 › catalysed profiles preserve endpoints and signed overall change for shifted, endothermic and zero-change cases (4ms)
  ✓  922 tests/theoretical-yield.unit.spec.ts:101:5 › invalid masses and yield factors cannot create a comparable theoretical result (5ms)
  ✓  924 tests/theoretical-yield.unit.spec.ts:112:5 › every native step requires explicit matching quantities and strict persisted choices (7ms)
  ✓  925 tests/theoretical-yield.unit.spec.ts:177:5 › 49 authored tasks use independent numerical references, final precision and honest written review (14ms)
  ✓  923 tests/temperature-and-catalysts.unit.spec.ts:221:5 › 72 authored tasks use the actual marker; objective drawing requires all levels and arrows, written responses remain self-review (46ms)
  ✓  927 tests/temperature-and-catalysts.unit.spec.ts:303:5 › six original bank IDs survive and prior thermal, catalytic, profile, identity and rate exposure links are direct (2ms)
  ✓  926 tests/theoretical-yield.unit.spec.ts:258:5 › new Higher separate route preserves legacy identities, conservative prior facts and valid saved model histories (18ms)
  ✓  928 tests/titration-apparatus-asset.unit.spec.ts:4:5 › actual burette retains selected final level and increasing-downward graduations with depth (6ms)
  ✓  929 tests/titration-apparatus-asset.unit.spec.ts:29:5 › open flask walls bench contact and jet clearance are independently coherent (3ms)
  ✓  930 tests/titration-burette-asset.unit.spec.ts:4:5 › same burette states have the same real linear graduation geometry and concave meniscus lower point (16ms)
  ✓  932 tests/titration-burette-asset.unit.spec.ts:39:5 › shifting both readings preserves measured delivery but changes remaining calibrated liquid (7ms)
  ✓  933 tests/titration-calculations.unit.spec.ts:16:5 › nonzero starting readings are subtracted; a scale reading is not a delivered volume (3ms)
  ✓  934 tests/titration-calculations.unit.spec.ts:29:5 › real 2022 exam requires acid moles twice barium hydroxide moles (2ms)
  ✓  935 tests/titration-calculations.unit.spec.ts:36:5 › sulfuric acid amount is half sodium hydroxide and equal volumes do not mean equal concentrations (1ms)
  ✓  936 tests/titration-calculations.unit.spec.ts:50:5 › mass concentration uses named solute and reverse required volume keeps reaction ratio (2ms)
  ✓  937 tests/titration-calculations.unit.spec.ts:57:5 › invalid physical inputs and fractional equation coefficients reject rather than silently compute (4ms)
  ✓  938 tests/titration-calculations.unit.spec.ts:72:5 › every authored selectable record has a reachable correct prediction; every wrong field remains wrong (41ms)
  ✓  939 tests/titration-calculations.unit.spec.ts:112:5 › saved native state rejects extra keys numeric coercion missing fields and unrecognised records (2ms)
  ✓  940 tests/titration-content.unit.spec.ts:4:5 › all original numeric calculations are independently recomputed with named reaction factors (20ms)
  ✓  941 tests/titration-content.unit.spec.ts:64:5 › one lesson has unique identities distinct reserved and delayed forms and meaningful recovery (4ms)
  ✓  942 tests/titration-content.unit.spec.ts:78:5 › self review and practical/exam limits remain explicit (1ms)
  ✓  943 tests/titration-integration.unit.spec.ts:7:5 › Higher separate titration keeps all original bank identities and strict canonical saved native history (6ms)
  ✓  944 tests/titration-technique-content.unit.spec.ts:4:5 › 49 authored technique tasks retain separate practice cold forms delayed retrieval and six self-reviewed explanations (8ms)
  ✓  945 tests/titration-technique-content.unit.spec.ts:20:5 › all15 numerical references independently match supplied subtraction means and final-only rounding (4ms)
  ✓  946 tests/titration-technique-content.unit.spec.ts:45:5 › Foundation practical scope does not certify boards or award written marks and original exposure remains conservative (2ms)
  ✓  947 tests/titration-technique-content.unit.spec.ts:62:5 › static fine-scale stimuli use separate practice cold and delayed readings without becoming learning models (7ms)
  ✓  948 tests/titration-technique-integration.unit.spec.ts:7:5 › Foundation separate technique preserves six legacy IDs and serialises valid native records (5ms)
  ✓  949 tests/titration-technique-integration.unit.spec.ts:30:5 › repeat histories permit one checkbox toggle and atomic record reset while rejecting multiple invented changes (1ms)
  ✓  950 tests/titration-technique-integration.unit.spec.ts:42:5 › method histories permit adjacent swaps only and record-specific canonical restart (2ms)
  ✓  951 tests/titration-technique.unit.spec.ts:14:5 › precise burette differences use both readings and reject impossible or unsupported precision (4ms)
  ✓  952 tests/titration-technique.unit.spec.ts:27:5 › repeat selection includes exact thresholds and rejects close-neighbour chains (1ms)
  ✓  953 tests/titration-technique.unit.spec.ts:39:5 › selected arithmetic follows stated protocol and does not confuse a matching rough estimate with a careful trial (1ms)
  ✓  954 tests/titration-technique.unit.spec.ts:62:5 › all24 records have reachable decisions while invalid saved fields and wrong directions are rejected (27ms)
  ✓  955 tests/titration-technique.unit.spec.ts:133:5 › diagnosing an unsuitable selected group is correct reasoning without accepting its mean (1ms)
  ✓  931 tests/titration-apparatus-asset.unit.spec.ts:64:5 › apparatus is finite actual geometry rather than particle counts or a planar image (403ms)
  ✓  956 tests/titration-technique.unit.spec.ts:152:5 › method order permits independent preparation alternatives but preserves scientific dependencies (1ms)
  ✓  957 tests/transition-compounds.unit.spec.ts:11:5 › paper prediction keeps the blank and wrong observations, conditions and compound identity distinct (3ms)
  ✓  958 tests/transition-metals.unit.spec.ts:12:5 › physical comparisons require distinct properties and reject unrelated compound or ion chemistry (8ms)
  ✓  959 tests/transition-compounds.unit.spec.ts:41:5 › chemical extension preserves original positions and forms and resolves actual recovery tasks (9ms)
  ✓  960 tests/transition-metals.unit.spec.ts:54:5 › Fe2+ and Fe3+ preserve 26 protons with different electron counts rather than using the first-20 shell rule (1ms)
  ✓  962 tests/transition-metals.unit.spec.ts:64:5 › illustrative catalyst data support an early rate difference and an equal completed amount without inventing a rate law (1ms)
  ✓  961 tests/transition-compounds.unit.spec.ts:82:5 › complete chemical explanations remain manual even when a reference is supplied exactly (4ms)
  ✓  963 tests/transition-metals.unit.spec.ts:82:5 › model histories preserve wrong proposals and enforce one operation with strict known fields (0ms)
  ✓  965 tests/uncertainty-writing.unit.spec.ts:14:5 › measurement additions preserve original records and positions while constructing actual frequency displays (3ms)
  ✓  964 tests/transition-metals.unit.spec.ts:99:5 › the 47 tasks reserve cold forms, preserve scientific answers and keep constructed explanations self-reviewed (20ms)
  ✓  966 tests/uncertainty-writing.unit.spec.ts:35:5 › class edges count every trial exactly once and independent table and histogram frequencies are literal verified counts (14ms)
  ✓  968 tests/wastewater.unit.spec.ts:26:5 › one individually researched64-task wastewater journey has six activities and15 source cases (17ms)
  ✓  969 tests/wastewater.unit.spec.ts:60:5 › each native proposal preserves wrong work, immutable givens and source-bound single-field history (41ms)
  ✓  970 tests/wastewater.unit.spec.ts:88:5 › malformed numbers remain raw but foreign data, forged history and multi-field repairs are rejected (2ms)
  ✓  971 tests/wastewater.unit.spec.ts:113:5 › twelve native numeric references independently close physical and disposal inventories (3ms)
  ✓  967 tests/uncertainty-writing.unit.spec.ts:76:5 › independent uncertainty and method accounts are manually reviewed with reciprocal exposure rather than invented examiner marks (93ms)
  ✓  972 tests/wastewater.unit.spec.ts:142:5 › all scalar and independent construction answers match separately audited literal arithmetic (13ms)
  ✓  974 tests/wastewater.unit.spec.ts:195:5 › written answers are manual and source data contain no hidden expected fields (8ms)
  ✓  973 tests/water.unit.spec.ts:32:5 › one individually authored88-task water journey has seven activities,26 supplied records and27 directed recoveries (22ms)
  ✓  976 tests/water.unit.spec.ts:66:5 › native water proposals retain each wrong field, pristine source and one-field edits (73ms)
  ✓  977 tests/water.unit.spec.ts:90:5 › saved schema rejects foreign sources, forged data, nonstrings and multi-field repair while preserving malformed numbers (2ms)
  ✓  978 tests/water.unit.spec.ts:116:5 › 39 native numeric references independently agree with original source arithmetic (6ms)
  ✓  979 tests/water.unit.spec.ts:160:5 › 14 independent constructions and39 fields match separately audited literal answers; fraction inputs accepted without live solutions (25ms)
  ✓  975 tests/wastewater.unit.spec.ts:220:5 › repeated theory and legacy exposures close symmetrically while reserved new numbers remain separate (155ms)
  ✓  981 tests/yield-asset.unit.spec.ts:15:5 › actual exported mass markers preserve ten identified2-g portions with genuine depths through recovery (24ms)
  ✓  980 tests/water.unit.spec.ts:196:5 › actual scientific distinctions and written marking remain honest and early exposures linked (48ms)
  ✓  982 tests/water.unit.spec.ts:255:5 › real apparatus geometry has an open bore, continuous vapour path, supported receiver and outlet above collected water (4.0s)
  ✓  983 tests/water.unit.spec.ts:304:5 › 23 scalar tasks independently match literal original quantities and signed comparisons (10ms)

  983 passed (58.7s)
